2016年03月26日,,,
,AnimeJapan 2016 サイゲームス新プロジェクト発表会@東京ビッグサイト(東京・江東区),,
,,M01.うまぴょい伝説 ※Short ver.,
,,,和氣あず未､高野麻里佳､伊波杏樹
2016年03月27日,,,
,ウマ娘 プリティーダービー AnimeJapan 2016 ライブ＆トークイベント@東京ビッグサイト(東京・江東区),,
,,M01.うまぴょい伝説 ※Short ver.,
,,,和氣あず未､高野麻里佳､髙橋ミナミ､青木瑠璃子､伊波杏樹
2016年05月04日,,,
,マチ★アソビ Vol.16 2日目「ウマ娘徳島第１Ｒデビュー戦！」@新町橋東公園ステージ(徳島・徳島市),,
,,M01.うまぴょい伝説 ※Short ver.,
,,,和氣あず未､高野麻里佳､松井恵理子
,,M02.うまぴょい伝説,
,,,和氣あず未､高野麻里佳､松井恵理子
2016年08月21日,,,
,Cygames NEXT 2016 第3部『ウマ娘 プリティーダービー』@ラフォーレミュージアム六本木(東京・港区),,
,,M01.うまぴょい伝説 ※Short ver.,
,,,和氣あず未､高野麻里佳､Lynn､松井恵理子､大橋彩香､大坪由佳､巽悠衣子､髙橋ミナミ､田所あずさ､青木瑠璃子
,,M02.Fanfare for Future! ※Short ver.,
,,,和氣あず未､高野麻里佳､Lynn､松井恵理子､大橋彩香､大坪由佳､巽悠衣子､髙橋ミナミ､田所あずさ､青木瑠璃子
,,M03.大好きのタカラバコ ※Short ver.,
,,,和氣あず未､高野麻里佳､Lynn､松井恵理子､大橋彩香､大坪由佳､巽悠衣子､髙橋ミナミ､田所あずさ､青木瑠璃子
2016年10月09日,,,
,マチ★アソビ Vol.17 CLIMAX RUN 2日目 ウマ娘徳島第2Rステップレース戦！@眉山山頂ステージ(徳島・徳島市),,
,,M01.うまぴょい伝説 ※Short ver.,
,,,和氣あず未､高野麻里佳､Machico､上田瞳､木村千咲
,,M02.Fanfare for Future! ※Short ver.,
,,,和氣あず未､高野麻里佳､Machico､上田瞳､木村千咲
,,M03.うまぴょい伝説 ※Short ver.,
,,,和氣あず未､高野麻里佳､Machico､上田瞳､木村千咲
2017年01月08日,,,
,「ウマ娘 プリティーダービー STARTING GATE 01」 発売記念イベント 第1回@科学技術館サイエンスホール(東京・千代田区),,
,,M01.うまぴょい伝説,
,,,和氣あず未､高野麻里佳､Machico
,,M02.わたしの印は大本命◎,
,,,和氣あず未
,,M03.恋はダービー☆,
,,,Machico
,,M04.Silent Star,
,,,高野麻里佳
,,M05.Fanfare for Future!,
,,,和氣あず未､高野麻里佳､Machico
,「ウマ娘 プリティーダービー STARTING GATE 01」 発売記念イベント 第2回@科学技術館サイエンスホール(東京・千代田区),,
,,M01.うまぴょい伝説,
,,,和氣あず未､高野麻里佳､Machico
,,M02.わたしの印は大本命◎,
,,,和氣あず未
,,M03.恋はダービー☆,
,,,Machico
,,M04.Silent Star,
,,,高野麻里佳
,,M05.Fanfare for Future!,
,,,和氣あず未､高野麻里佳､Machico
2017年02月11日,,,
,「ウマ娘 プリティーダービーSTARTING GATE 02」 発売記念イベント 第1回@科学技術館サイエンスホール(東京・千代田区),,
,,M01.うまぴょい伝説,
,,,和氣あず未､Lynn､松井恵理子､高柳知葉
,,M02.DREAM JACK,
,,,松井恵理子
,,M03.禁断Burning Heart,
,,,Lynn
,,M04.unbreakable,
,,,高柳知葉
,,M05.UNLIMITED IMPACT,
,,,Lynn､松井恵理子､高柳知葉
,「ウマ娘 プリティーダービーSTARTING GATE 02」 発売記念イベント 第2回@科学技術館サイエンスホール(東京・千代田区),,
,,M01.うまぴょい伝説,
,,,和氣あず未､Lynn､松井恵理子､高柳知葉
,,M02.DREAM JACK,
,,,松井恵理子
,,M03.禁断Burning Heart,
,,,Lynn
,,M04.unbreakable,
,,,高柳知葉
,,M05.UNLIMITED IMPACT,
,,,Lynn､松井恵理子､高柳知葉
2017年03月18日,,,
,「ウマ娘 プリティーダービーSTARTING GATE 03」 発売記念イベント 第1回@科学技術館サイエンスホール(東京・千代田区),,
,,M01.うまぴょい伝説,
,,,和氣あず未､高野麻里佳､Machico､上田瞳､木村千咲
,,M02.Goal To My SHIP,
,,,上田瞳
,,M03.Rising Girl,
,,,木村千咲
,,M04.Silent Star,
,,,高野麻里佳
,,M05.ぼくらのブルーバードデイズ,
,,,和氣あず未､上田瞳､木村千咲
,「ウマ娘 プリティーダービーSTARTING GATE 03」 発売記念イベント 第2回@科学技術館サイエンスホール(東京・千代田区),,
,,M01.うまぴょい伝説,
,,,和氣あず未､高野麻里佳､Machico､上田瞳､木村千咲
,,M02.Goal To My SHIP,
,,,上田瞳
,,M03.Rising Girl,
,,,木村千咲
,,M04.Silent Star,
,,,高野麻里佳
,,M05.ぼくらのブルーバードデイズ,
,,,和氣あず未､上田瞳､木村千咲
2017年03月25日,,,
,AnimeJapan 2017 1日目 Cygamesブース ウマ娘スペシャルステージ 『ウマ娘 プリティーダービー』 大発表会!!@東京ビッグサイト(東京・江東区),,
,,M01.うまぴょい伝説,
,,,和氣あず未､高野麻里佳､Machico､松井恵理子､高柳知葉
,,M02.奇跡を信じて！,
,,,和氣あず未､高野麻里佳､Machico､松井恵理子､高柳知葉
2017年04月08日,,,
,「ウマ娘 プリティーダービーSTARTING GATE 04」 発売記念イベント 第1回@科学技術館サイエンスホール(東京・千代田区),,
,,M01.うまぴょい伝説,
,,,和氣あず未､高野麻里佳､Machico､大坪由佳､前田玲奈､巽悠衣子
,,M02.直感ノープロブレム！,
,,,大坪由佳
,,M03.鳥かごのロンリーバード,
,,,巽悠衣子
,,M04.Secret GRADUATION,
,,,前田玲奈
,,M05.奇跡を信じて！,
,,,大坪由佳､前田玲奈､巽悠衣子
,「ウマ娘 プリティーダービーSTARTING GATE 04」 発売記念イベント 第2回@科学技術館サイエンスホール(東京・千代田区),,
,,M01.うまぴょい伝説,
,,,和氣あず未､高野麻里佳､Machico､大坪由佳､前田玲奈､巽悠衣子
,,M02.直感ノープロブレム！,
,,,大坪由佳
,,M03.鳥かごのロンリーバード,
,,,巽悠衣子
,,M04.Secret GRADUATION,
,,,前田玲奈
,,M05.奇跡を信じて！,
,,,大坪由佳､前田玲奈､巽悠衣子
2017年04月29日,,,
,「ウマ娘 プリティーダービー STARTING GATE 05」 発売記念イベント 第1回@科学技術館サイエンスホール(東京・千代田区),,
,,M01.うまぴょい伝説,
,,,和氣あず未､Machico､髙橋ミナミ､徳井青空
,,M02.わたしの印は大本命◎,
,,,和氣あず未
,,M03.L’s Surprise!!,
,,,髙橋ミナミ
,,M04.帝笑歌劇～讃えよ永久に～,
,,,徳井青空
,,M05.世界は僕らの言いなりさ,
,,,Machico､髙橋ミナミ､徳井青空
,「ウマ娘 プリティーダービー STARTING GATE 05」 発売記念イベント 第2回@科学技術館サイエンスホール(東京・千代田区),,
,,M01.うまぴょい伝説,
,,,和氣あず未､Machico､髙橋ミナミ､徳井青空
,,M02.わたしの印は大本命◎,
,,,和氣あず未
,,M03.L’s Surprise!!,
,,,髙橋ミナミ
,,M04.帝笑歌劇～讃えよ永久に～,
,,,徳井青空
,,M05.世界は僕らの言いなりさ,
,,,Machico､髙橋ミナミ､徳井青空
2017年05月07日,,,
,マチ★アソビ vol.18 3日目 ぱかラジッ！公開録音in徳島@新町橋東公園ステージ(徳島・徳島市),,
,,M01.うまぴょい伝説,
,,,和氣あず未､高野麻里佳､Machico､髙橋ミナミ､相坂優歌
,,M02.うまぴょい伝説,
,,,和氣あず未､高野麻里佳､Machico､髙橋ミナミ､相坂優歌
2017年05月13日,,,
,「ウマ娘 プリティーダービー STARTING GATE 06」 発売記念イベント 第1回@科学技術館サイエンスホール(東京・千代田区),,
,,M01.うまぴょい伝説,
,,,和氣あず未､高野麻里佳､Machico､田所あずさ､青木瑠璃子､相坂優歌
,,M02.シャドーロールの誓い,
,,,相坂優歌
,,M03.EMPRESS GAME,
,,,田所あずさ
,,M04.SEVEN,
,,,青木瑠璃子
,,M05.大好きのタカラバコ,
,,,田所あずさ､青木瑠璃子､相坂優歌
,「ウマ娘 プリティーダービー STARTING GATE 06」 発売記念イベント 第2回@科学技術館サイエンスホール(東京・千代田区),,
,,M01.うまぴょい伝説,
,,,和氣あず未､高野麻里佳､Machico､田所あずさ､青木瑠璃子､相坂優歌
,,M02.シャドーロールの誓い,
,,,相坂優歌
,,M03.EMPRESS GAME,
,,,田所あずさ
,,M04.SEVEN,
,,,青木瑠璃子
,,M05.大好きのタカラバコ,
,,,田所あずさ､青木瑠璃子､相坂優歌
2017年07月01日,,,
,ウマ娘 1st EVENT「Special Weekend!」@舞浜アンフィシアター(千葉・浦安市),,
,,M01.うまぴょい伝説,
,,,和氣あず未､高野麻里佳､Machico､松井恵理子､高柳知葉､上田瞳､大橋彩香､木村千咲､大坪由佳､前田玲奈､巽悠衣子､大西沙織､髙橋ミナミ､青木瑠璃子､相坂優歌
,,M02.Fanfare for Future!,
,,,和氣あず未､高野麻里佳､Machico
,,M03.恋はダービー☆,
,,,Machico
,,M04.直感ノープロブレム！,
,,,大坪由佳
,,M05.世界は僕らの言いなりさ,
,,,Machico､大西沙織､髙橋ミナミ
,,M06.ぼくらのブルーバードデイズ,
,,,上田瞳､大橋彩香､木村千咲
,,M07.Goal To My SHIP,
,,,上田瞳
,,M08.L’s Surprise!!,
,,,髙橋ミナミ
,,M09.わたしの印は大本命◎,
,,,和氣あず未
,,M10.奇跡を信じて！,
,,,大坪由佳､前田玲奈､巽悠衣子
,,M11.うまぴょい伝説,
,,,和氣あず未､高野麻里佳､Machico､松井恵理子､高柳知葉､上田瞳､大橋彩香､木村千咲､大坪由佳､前田玲奈､巽悠衣子､大西沙織､髙橋ミナミ､青木瑠璃子､鬼頭明里､三澤紗千香､渡部恵子､相坂優歌
,,M12.UNLIMITED IMPACT,
,,,松井恵理子､高柳知葉､上田瞳
,,M13.Rising Girl,
,,,木村千咲
,,M14.CATCH THE VICTORY!,
,,,大橋彩香
,,M15.鳥かごのロンリーバード,
,,,巽悠衣子
,,M16.unbreakable,
,,,高柳知葉
,,M17.Secret GRADUATION,
,,,前田玲奈
,,M18.Waiting for Tomorrow,
,,,大西沙織
,,M19.DREAM JACK,
,,,松井恵理子
,,M20.EMPRESS GAME,
,,,青木瑠璃子
,,M21.シャドーロールの誓い,
,,,相坂優歌
,,M22.Silent Star,
,,,高野麻里佳
,,M23.大好きのタカラバコ,
,,,和氣あず未､青木瑠璃子､相坂優歌
,,M24.ENDLESS DREAM!!,
,,,和氣あず未､高野麻里佳､Machico､松井恵理子､高柳知葉､上田瞳､大橋彩香､木村千咲､大坪由佳､前田玲奈､巽悠衣子､大西沙織､髙橋ミナミ､青木瑠璃子､相坂優歌
2017年09月09日,,,
,響 – HiBiKi Radio Station – × Cygames 公開録音まつり ぱかラジッ！～ウマ娘広報部～＆プリコネチャンネルRe:Dive@TFT HALL 1000(東京・江東区),,
,,M01.ENDLESS DREAM!!,
,,,和氣あず未､高野麻里佳､Machico
,,M02.うまぴょい伝説,
,,,和氣あず未､高野麻里佳､Machico
2017年10月08日,,,
,マチ★アソビ vol.19 2日目 ぱかラジッ！公開録音in徳島 vol.2@新町橋東公園ステージ(徳島・徳島市),,
,,M01.うまぴょい伝説,
,,,和氣あず未､松井恵理子､高柳知葉､木村千咲､大坪由佳､徳井青空
,,M02.ENDLESS DREAM!!,
,,,和氣あず未､松井恵理子､高柳知葉､木村千咲､大坪由佳､徳井青空
2017年12月16日,,,
,ウマ娘 プリティーダービー 2017年ファイナルイベント＆アニメ新情報発表会 有明記念@ディファ有明(東京・江東区),,
,,M01.うまぴょい伝説,
,,,和氣あず未､高野麻里佳､Machico､松井恵理子､高柳知葉､上田瞳､大橋彩香､木村千咲､前田玲奈､鬼頭明里､香坂さき､首藤志奈､新田ひより､相坂優歌
,,M02.ENDLESS DREAM!!,
,,,和氣あず未､高野麻里佳､Machico､松井恵理子､高柳知葉､上田瞳､大橋彩香､木村千咲､前田玲奈､鬼頭明里､香坂さき､首藤志奈､新田ひより､相坂優歌
,,M03.奇跡を信じて！,
,,,和氣あず未､鬼頭明里､新田ひより
,,M04.ぼくらのブルーバードデイズ,
,,,上田瞳､大橋彩香､木村千咲
,,M05.UNLIMITED IMPACT,
,,,高柳知葉､香坂さき
,,M06.禁断Burning Heart,
,,,前田玲奈
,,M07.帝笑歌劇～讃えよ永久に～,
,,,松井恵理子
,,M08.SEVEN,
,,,Machico
,,M09.大好きのタカラバコ,
,,,高野麻里佳､首藤志奈､相坂優歌
,,M10.うまぴょい伝説,
,,,和氣あず未､高野麻里佳､Machico､松井恵理子､高柳知葉､上田瞳､大橋彩香､木村千咲､前田玲奈､鬼頭明里､香坂さき､首藤志奈､新田ひより､相坂優歌
2018年03月17日,,,
,「ウマ娘 プリティーダービー STARTING GATE 07&08」発売記念イベント@横浜ベイホール(神奈川・横浜中区),,
,,M01.うまぴょい伝説,
,,,和氣あず未､高野麻里佳､Machico､鬼頭明里､山本希望､香坂さき､優木かな､首藤志奈､新田ひより
,,M02.A・NO・NE,
,,,鬼頭明里､山本希望､香坂さき
,,M03.Lucky Comes True!,
,,,新田ひより
,,M04.今日もウララかケセラセラ！,
,,,首藤志奈
,,M05.気まぐれTuning Heart,
,,,鬼頭明里
,,M06.素顔のココロ,
,,,香坂さき
,,M07.ふんわりSlowly,
,,,優木かな
,,M08.シティプリンセス！,
,,,山本希望
,,M09.PRESENT MARCH♪,
,,,優木かな､首藤志奈､新田ひより
2018年05月05日,,,
,マチ★アソビ Vol.20 ウマ娘 プリティーダービー ぱかラジッ！アニメ版 公開録音 in徳島@新町橋東公園ステージ(徳島・徳島市),,
,,M01.Make debut!,
,,,和氣あず未､高野麻里佳､Machico､上田瞳､木村千咲
,,M02.うまぴょい伝説,
,,,和氣あず未､高野麻里佳､Machico､上田瞳､木村千咲
2018年05月13日,,,
,「ウマ娘 プリティーダービー STARTING GATE 09&10」発売記念イベント@科学技術館サイエンスホール(東京・千代田区),,
,,M01.うまぴょい伝説,
,,,和氣あず未､高野麻里佳､Machico､大空直美､橋本ちなみ､土師亜文､三澤紗千香､大和田仁美､田中あいみ
,,M02.猪突猛進爆進中!!,
,,,三澤紗千香
,,M03.一撃入魂☆ペガサスパンチ,
,,,田中あいみ
,,M04.全速！前進！ウマドルパワー☆,
,,,大和田仁美
,,M05.青春が待ってる,
,,,橋本ちなみ､土師亜文､大和田仁美
,,M06.希望ディスカバリー,
,,,土師亜文
,,M07.My Against Fight,
,,,大空直美
,,M08.恋する世界,
,,,橋本ちなみ
,,M09.ユメゾラ,
,,,大空直美､三澤紗千香､田中あいみ
2018年07月08日,,,
,「ウマ娘 プリティーダービー アニメOP＆ED主題歌」発売記念イベント@日テレらんらんホール(東京・稲城市),,
,,M01.Make debut!,
,,,和氣あず未､高野麻里佳､Machico､上田瞳､大橋彩香､木村千咲､前田玲奈､大西沙織､髙橋ミナミ､鬼頭明里
,,M02.グロウアップ・シャイン！,
,,,和氣あず未､高野麻里佳､Machico､上田瞳､大橋彩香､木村千咲､前田玲奈､大西沙織､髙橋ミナミ､鬼頭明里
,,M03.うまぴょい伝説,
,,,和氣あず未､高野麻里佳､Machico､上田瞳､大橋彩香､木村千咲､前田玲奈､大西沙織､髙橋ミナミ､鬼頭明里
2018年07月15日,,,
,『ウマ娘 プリティーダービー』STARTING GATE 11&12発売記念イベント@科学技術館サイエンスホール(東京・千代田区),,
,,M01.うまぴょい伝説,
,,,和氣あず未､高野麻里佳､Machico､近藤唯､渡部優衣､津田美波､渡部恵子､前田佳織里
,,M02.手綱と絆,
,,,近藤唯
,,M03.感情ノ黎明,
,,,渡部恵子
,,M04.アウト・オブ・トライアングル,
,,,前田佳織里
,,M05.Air Race,
,,,津田美波
,,M06.WINNING MELODY,
,,,渡部優衣
,,M07.Go This Way,
,,,Machico､津田美波､前田佳織里
,,M08.春空BLUE,
,,,近藤唯､渡部優衣､渡部恵子
2018年07月29日,,,
,ワンダーフェスティバル2018[夏] ワンダフルホビーライフフォーユーブースTVアニメ『ウマ娘 プリティーダービー』ステージ@幕張メッセ国際展示場(千葉・美浜区),,
,,M01.うまぴょい伝説,
,,,高野麻里佳､Machico､上田瞳､木村千咲､香坂さき､渡部恵子
,,M02.Make debut!,
,,,高野麻里佳､Machico､上田瞳､木村千咲､香坂さき､渡部恵子
,,M03.グロウアップ・シャイン！,
,,,高野麻里佳､Machico､上田瞳､木村千咲､香坂さき､渡部恵子
2018年08月25日,,,
,Animelo Summer Live 2018 “OK!” 2日目@GMOアリーナさいたま(埼玉・さいたま中央区),,
,,M01.うまぴょい伝説,
,,,和氣あず未､高野麻里佳､Machico､松井恵理子､高柳知葉､上田瞳､大橋彩香､木村千咲､大坪由佳､前田玲奈､巽悠衣子､大西沙織､髙橋ミナミ､徳井青空､鬼頭明里
,,M02.Make debut!,
,,,和氣あず未､高野麻里佳､Machico､松井恵理子､高柳知葉､上田瞳､大橋彩香､木村千咲､大坪由佳､前田玲奈､巽悠衣子､大西沙織､髙橋ミナミ､徳井青空､鬼頭明里
,,M03.グロウアップ・シャイン！,
,,,和氣あず未､高野麻里佳､Machico､松井恵理子､高柳知葉､上田瞳､大橋彩香､木村千咲､大坪由佳､前田玲奈､巽悠衣子､大西沙織､髙橋ミナミ､徳井青空､鬼頭明里
,,M04.Stand by...MUSIC!!!,
,,,和氣あず未､高野麻里佳､Machico､松井恵理子､高柳知葉､上田瞳､大橋彩香､木村千咲､大坪由佳､前田玲奈､巽悠衣子､大西沙織､髙橋ミナミ､徳井青空､鬼頭明里､他出演キャスト全員
2018年10月08日,,,
,マチ★アソビ Vol.21 CLIMAX RUN 3日目「ぱかラジッ！～ウマ娘広報部～」出張版in徳島@眉山林間ステージ(徳島・徳島市),,
,,M01.うまぴょい伝説,
,,,高野麻里佳､渡部恵子､首藤志奈､新田ひより
,,M02.Lucky Comes True!,
,,,新田ひより
,,M03.今日もウララかケセラセラ！,
,,,首藤志奈
,,M04.感情ノ黎明,
,,,渡部恵子
,,M05.七色の景色,
,,,高野麻里佳
,,M06.うまぴょい伝説,
,,,高野麻里佳､渡部恵子､首藤志奈､新田ひより
2018年10月14日,,,
,ウマ娘 プリティーダービー2nd EVENT「Sound Fanfare！」@幕張メッセイベントホール(千葉・美浜区),,
,,M01.うまぴょい伝説,
,,,和氣あず未､高野麻里佳､Machico､Lynn､松井恵理子､高柳知葉､上田瞳､大橋彩香､木村千咲､大坪由佳､前田玲奈､巽悠衣子､大西沙織､髙橋ミナミ､徳井青空､田所あずさ､青木瑠璃子､鬼頭明里､首藤志奈
,,M02.Make debut!,
,,,和氣あず未､高野麻里佳､Machico､上田瞳､大橋彩香､木村千咲､大西沙織
,,M03.ENDLESS DREAM!!,
,,,Lynn､松井恵理子､高柳知葉､前田玲奈､鬼頭明里､首藤志奈
,,M04.恋はダービー☆,
,,,Machico
,,M05.帝笑歌劇～讃えよ永久に～,
,,,徳井青空
,,M06.気まぐれTuning Heart,
,,,鬼頭明里
,,M07.わたしの印は大本命◎,
,,,和氣あず未
,,M08.禁断Burning Heart,
,,,Lynn
,,M09.直感ノープロブレム！ ※Long Intro Ver.,
,,,大坪由佳
,,M10.今日もウララかケセラセラ！,
,,,首藤志奈
,,M11.DREAM JACK,
,,,松井恵理子
,,M12.七色の景色,
,,,高野麻里佳
,,M13.EMPRESS GAME,
,,,青木瑠璃子
,,M14.SEVEN,
,,,田所あずさ
,,M15.Special Record! ※Long Intro Ver.,
,,,和氣あず未､高野麻里佳､Machico､Lynn､松井恵理子､高柳知葉､上田瞳､大橋彩香､木村千咲､大坪由佳､前田玲奈､巽悠衣子､大西沙織､髙橋ミナミ､徳井青空､田所あずさ､青木瑠璃子､鬼頭明里､首藤志奈
,,M16.CATCH THE VICTORY!,
,,,大橋彩香
,,M17.Rising Girl,
,,,木村千咲
,,M18.ぱかチューブっ！ですが、何か？ ※Short Intro Ver.,
,,,Machico､上田瞳
,,M19.Goal To My SHIP,
,,,上田瞳
,,M20.鳥かごのロンリーバード,
,,,巽悠衣子
,,M21.L’s Surprise!!,
,,,髙橋ミナミ
,,M22.走れウマ娘 ※Short Intro Ver.,
,,,Lynn､松井恵理子､鬼頭明里､首藤志奈
,,M23.グロウアップ・シャイン！,
,,,大坪由佳､巽悠衣子､髙橋ミナミ､徳井青空､田所あずさ､青木瑠璃子
,,M24.unbreakable,
,,,高柳知葉
,,M25.Secret GRADUATION ※Long Intro Ver.,
,,,前田玲奈
,,M26.Waiting for Tomorrow,
,,,大西沙織
,,M27.Silent Star ※Long Intro Ver.,
,,,高野麻里佳
,,M28.ありがとう、神様,
,,,和氣あず未
,,M29.Find My Only Way,
,,,和氣あず未､高野麻里佳､Machico､上田瞳､大橋彩香､木村千咲､大西沙織
,,M30.うまぴょい伝説 ※-TEAM C-,
,,,Lynn､松井恵理子､高柳知葉､前田玲奈､鬼頭明里､首藤志奈
,,M31.うまぴょい伝説 ※-TEAM B-,
,,,大坪由佳､巽悠衣子､髙橋ミナミ､徳井青空､田所あずさ､青木瑠璃子
,,M32.うまぴょい伝説 ※-TEAM A-,
,,,和氣あず未､高野麻里佳､Machico､上田瞳､大橋彩香､木村千咲､大西沙織
2018年11月25日,,,
,ウマ娘 プリティーダービー ローソン×キリンビバレッジ 限定イベント@日テレらんらんホール(東京・稲城市),,
,,M01.うまぴょい伝説,
,,,和氣あず未､高野麻里佳､上田瞳､木村千咲､前田玲奈､首藤志奈
,,M02.Make debut!,
,,,和氣あず未､高野麻里佳､上田瞳､木村千咲､前田玲奈､首藤志奈
,,M03.七色の景色,
,,,高野麻里佳
,,M04.今日もウララかケセラセラ！,
,,,首藤志奈
,,M05.Goal To My SHIP,
,,,上田瞳
,,M06.Rising Girl,
,,,木村千咲
,,M07.Secret GRADUATION,
,,,前田玲奈
,,M08.ありがとう、神様,
,,,和氣あず未
,,M09.うまぴょい伝説,
,,,和氣あず未､高野麻里佳､上田瞳､木村千咲､前田玲奈､首藤志奈
2018年12月15日,,,
,CygamesFes2018 1日目 ウマ娘プリティーダービーSPECIAL LIVE DAY1@幕張メッセ国際展示場(千葉・美浜区),,
,,M01.うまぴょい伝説,
,,,和氣あず未､高野麻里佳､高柳知葉､前田玲奈､鬼頭明里､三澤紗千香､首藤志奈
,,M02.猪突猛進爆進中!!,
,,,三澤紗千香
,,M03.わたしの印は大本命◎,
,,,和氣あず未
,,M04.今日もウララかケセラセラ！,
,,,首藤志奈
,,M05.気まぐれTuning Heart,
,,,鬼頭明里
,,M06.unbreakable,
,,,高柳知葉
,,M07.Secret GRADUATION,
,,,前田玲奈
,,M08.Silent Star,
,,,高野麻里佳
,,M09.うまぴょい伝説,
,,,和氣あず未､高野麻里佳､高柳知葉､前田玲奈､鬼頭明里､三澤紗千香､首藤志奈
2018年12月16日,,,
,CygamesFes2018 2日目 ウマ娘プリティーダービーSPECIAL LIVE DAY2@幕張メッセ国際展示場(千葉・美浜区),,
,,M01.Make debut!,
,,,和氣あず未､上田瞳､青木瑠璃子､近藤唯､土師亜文､渡部優衣､香坂さき､渡部恵子､前田佳織里
,,M02.手綱と絆,
,,,近藤唯
,,M03.WINNING MELODY,
,,,渡部優衣
,,M04.感情ノ黎明,
,,,渡部恵子
,,M05.アウト・オブ・トライアングル,
,,,前田佳織里
,,M06.素顔のココロ,
,,,香坂さき
,,M07.走れウマ娘,
,,,和氣あず未､上田瞳
,,M08.希望ディスカバリー,
,,,土師亜文
,,M09.EMPRESS GAME,
,,,青木瑠璃子
,,M10.春空BLUE,
,,,近藤唯､渡部優衣､渡部恵子
,,M11.ありがとう、神様,
,,,和氣あず未
,,M12.うまぴょい伝説,
,,,和氣あず未､上田瞳､青木瑠璃子､近藤唯､土師亜文､渡部優衣､香坂さき､渡部恵子､前田佳織里
2019年01月19日,,,
,ANIMAX MUSIX 2019 OSAKA@大阪城ホール(大阪・中央区),,
,,M01.うまぴょい伝説,
,,,Machico､高柳知葉､大橋彩香､木村千咲､前田玲奈､首藤志奈
,,M02.Make debut!,
,,,Machico､高柳知葉､大橋彩香､木村千咲､前田玲奈､首藤志奈
,,M03.おジャ魔女カーニバル!!,
,,,Machico､高柳知葉､大橋彩香､木村千咲､前田玲奈､首藤志奈､鈴木みのり､小倉唯､伊藤彩沙､芹澤優､他出演キャスト全員
2019年04月14日,,,
,ぱかラジッ！ ～ウマ娘広報部～ 公開録音 平成最後のプレシャスプリティーパーティー 1部@Yokohama LANDMARK HALL(神奈川・横浜西区),,
,,M01.Make debut!,
,,,和氣あず未､高野麻里佳､Machico､香坂さき､首藤志奈､新田ひより
,,M02.わたしの印は大本命◎,
,,,和氣あず未
,,M03.恋はダービー☆,
,,,Machico
,,M04.七色の景色,
,,,高野麻里佳
,,M05.Lucky Comes True!,
,,,新田ひより
,,M06.今日もウララかケセラセラ！,
,,,首藤志奈
,,M07.素顔のココロ,
,,,香坂さき
,,M08.ありがとう、神様,
,,,和氣あず未
,,M09.うまぴょい伝説,
,,,和氣あず未､高野麻里佳､Machico､香坂さき､首藤志奈､新田ひより
,ぱかラジッ！ ～ウマ娘広報部～ 公開録音 平成最後のプレシャスプリティーパーティー 2部@Yokohama LANDMARK HALL(神奈川・横浜西区),,
,,M01.Make debut!,
,,,和氣あず未､高野麻里佳､Machico､高柳知葉､上田瞳､木村千咲
,,M02.七色の景色,
,,,高野麻里佳
,,M03.わたしの印は大本命◎,
,,,和氣あず未
,,M04.恋はダービー☆,
,,,Machico
,,M05.ぱかチューブっ！ですが、何か？,
,,,Machico､上田瞳
,,M06.unbreakable,
,,,高柳知葉
,,M07.Rising Girl,
,,,木村千咲
,,M08.Silent Star,
,,,高野麻里佳
,,M09.うまぴょい伝説,
,,,和氣あず未､高野麻里佳､Machico､高柳知葉､上田瞳､木村千咲
2021年01月16日,,,
,「ウマ娘 プリティーダービー」出張版 ぱかライブTV Vol.3@ヒューリックホール東京(東京・千代田区)【声出し禁止】,,
,,M01.ユメヲカケル！,
,,,和氣あず未､高野麻里佳､Machico､上田瞳､大橋彩香､木村千咲､大西沙織
,,M02.木漏れ日のエール,
,,,Machico､大西沙織
,,M03.Make debut!,
,,,和氣あず未､高野麻里佳､Machico､上田瞳､大橋彩香､木村千咲､大西沙織
,,M04.うまぴょい伝説,
,,,和氣あず未､高野麻里佳､Machico､上田瞳､大橋彩香､木村千咲､大西沙織
2021年04月04日,,,
,『ウマ娘 プリティーダービー』WINNING LIVE 01 発売記念配信イベント@オンライン生配信(東京・特別区)【無観客】,,
,,M01.winning the soul,
,,,和氣あず未､Machico､上田瞳､木村千咲､新田ひより､佐伯伊織
,,M02.うまぴょい伝説,
,,,和氣あず未､Machico､上田瞳､木村千咲､新田ひより､佐伯伊織
,TVアニメ『ウマ娘 プリティーダービー Season 2』ANIMATION DERBY Season 2 vol.1&vol2配信イベント@オンライン生配信(東京・特別区)【無観客】,,
,,M01.木漏れ日のエール,
,,,Machico､前田佳織里
,,M02.ユメヲカケル！,
,,,和氣あず未､Machico､上田瞳､木村千咲､近藤唯､前田佳織里
2021年07月11日,,,
,ウマ娘 プリティーダービー Twinkle Holiday@江戸川区総合文化センター大ホール(東京・江戸川区)【声出し禁止】,,
,,M01.ユメヲカケル！,
,,,Machico､衣川里佳､星谷美緒､長谷川育美､前田佳織里､佐伯伊織､田澤茉純､のぐちゆり､花井美春､立花日菜､矢野妃菜喜
,,M02.winning the soul,
,,,Machico､衣川里佳､前田佳織里､佐伯伊織､立花日菜､矢野妃菜喜
,,M03.Make debut!,
,,,衣川里佳､星谷美緒､長谷川育美､田澤茉純､のぐちゆり
,,M04.アウト・オブ・トライアングル,
,,,前田佳織里
,,M05.願いのカタチ,
,,,Machico
,,M06.木漏れ日のエール,
,,,立花日菜､矢野妃菜喜
,,M07.ぴょいっと♪はれるや！,
,,,星谷美緒､長谷川育美､佐伯伊織､田澤茉純､のぐちゆり､花井美春
,,M08.うまぴょい伝説,
,,,Machico､衣川里佳､星谷美緒､長谷川育美､前田佳織里､佐伯伊織､田澤茉純､のぐちゆり､花井美春､立花日菜､矢野妃菜喜
2021年07月17日,,,
,シブヤノオト@NHKホール(東京・渋谷区)【無観客】,,
,,M01.うまぴょい伝説,
,,,Machico､大橋彩香､田所あずさ､青木瑠璃子､前田佳織里､立花日菜､矢野妃菜喜
2021年08月04日,,,
,ウマ娘 プリティーダービー アニメ「うまよん」発売記念 配信イベント@オンライン生配信(東京・特別区)【無観客】,,
,,M01.ぴょいっと♪はれるや！,
,,,和氣あず未､前田玲奈､髙橋ミナミ､香坂さき､佐伯伊織
,,M02.うまぴょい伝説,
,,,和氣あず未､前田玲奈､髙橋ミナミ､香坂さき､佐伯伊織
2021年08月28日,,,
,ウマ娘 プリティーダービー 3rd EVENT WINNING DREAM STAGE DAY1@東京ガーデンシアター(東京・江東区)【声出し禁止】,,
,,M01.GIRLS' LEGEND U,
,,,和氣あず未､高野麻里佳､Machico､高柳知葉､上田瞳､木村千咲､大坪由佳､前田玲奈､髙橋ミナミ､徳井青空､衣川里佳､青木瑠璃子､近藤唯､星谷美緒､渡部優衣､三澤紗千香､渡部恵子､首藤志奈､新田ひより
,,M02.winning the soul,
,,,和氣あず未､Machico､大坪由佳､衣川里佳､首藤志奈､新田ひより
,,M03.彩 Phantasia,
,,,高柳知葉､上田瞳､木村千咲､前田玲奈､徳井青空､青木瑠璃子
,,M04.Make debut!,
,,,大坪由佳､衣川里佳､近藤唯､星谷美緒､渡部優衣､渡部恵子
,,M05.恋はダービー☆,
,,,Machico
,,M06.L’s Surprise!!,
,,,髙橋ミナミ
,,M07.帝笑歌劇～讃えよ永久に～,
,,,徳井青空
,,M08.ENDLESS DREAM!!,
,,,青木瑠璃子､星谷美緒､新田ひより
,,M09.涙ひかって明日になれ！,
,,,近藤唯､渡部優衣､渡部恵子
,,M10.ぴょいっと♪はれるや！,
,,,和氣あず未､前田玲奈､髙橋ミナミ､星谷美緒､首藤志奈
,,M11.NEXT FRONTIER,
,,,前田玲奈､徳井青空､新田ひより
,,M12.BLAZE,
,,,衣川里佳
,,M13.UNLIMITED IMPACT,
,,,高柳知葉､木村千咲､首藤志奈
,,M14.本能スピード,
,,,Machico､高柳知葉､上田瞳､大坪由佳､髙橋ミナミ､青木瑠璃子
,,M15.ユメヲカケル！,
,,,大坪由佳､前田玲奈､髙橋ミナミ､徳井青空､衣川里佳､青木瑠璃子､首藤志奈､新田ひより
,,M16.ありがとう、神様,
,,,和氣あず未
,,M17.Silent Star,
,,,高野麻里佳
,,M18.Special Record!,
,,,和氣あず未､高野麻里佳､Machico､高柳知葉､上田瞳､木村千咲､大坪由佳､前田玲奈､髙橋ミナミ､徳井青空､衣川里佳､青木瑠璃子､近藤唯､星谷美緒､渡部優衣､三澤紗千香､渡部恵子､首藤志奈､新田ひより
,,M19.Never Looking Back,
,,,和氣あず未､高野麻里佳､Machico､高柳知葉､上田瞳､木村千咲､大坪由佳､前田玲奈､髙橋ミナミ､徳井青空､衣川里佳､青木瑠璃子､近藤唯､星谷美緒､渡部優衣､三澤紗千香､渡部恵子､首藤志奈､新田ひより
,,M20.うまぴょい伝説,
,,,和氣あず未､高野麻里佳､Machico､高柳知葉､上田瞳､木村千咲､大坪由佳､前田玲奈､髙橋ミナミ､徳井青空､衣川里佳､青木瑠璃子､近藤唯､星谷美緒､渡部優衣､三澤紗千香､渡部恵子､首藤志奈､新田ひより､藤井ゆきよ､明坂聡美
2021年08月29日,,,
,ウマ娘 プリティーダービー 3rd EVENT WINNING DREAM STAGE DAY2@東京ガーデンシアター(東京・江東区)【声出し禁止】,,
,,M01.GIRLS' LEGEND U,
,,,和氣あず未､高野麻里佳､Machico､上田瞳､木村千咲､大西沙織､田所あずさ､近藤唯､長谷川育美､石見舞菜香､渡部優衣､渡部恵子､前田佳織里､佐伯伊織､田澤茉純､のぐちゆり､花井美春､立花日菜､矢野妃菜喜
,,M02.ユメヲカケル！,
,,,和氣あず未､高野麻里佳､Machico､上田瞳､大橋彩香､木村千咲､大西沙織
,,M03.Make debut!,
,,,近藤唯､長谷川育美､石見舞菜香､渡部優衣､渡部恵子､立花日菜､矢野妃菜喜
,,M04.はじまりのSignal,
,,,大西沙織
,,M05.七色の景色,
,,,高野麻里佳
,,M06.ENDLESS DREAM!!,
,,,Machico､上田瞳､前田佳織里､佐伯伊織､花井美春
,,M07.SEVEN,
,,,田所あずさ
,,M08.アウト・オブ・トライアングル,
,,,前田佳織里
,,M09.グロウアップ・シャイン！,
,,,木村千咲､近藤唯､渡部優衣､渡部恵子､立花日菜､矢野妃菜喜
,,M10.ぴょいっと♪はれるや！,
,,,和氣あず未､佐伯伊織､田澤茉純､のぐちゆり､花井美春
,,M11.Ring Ring ダイアリー,
,,,Machico､田所あずさ､前田佳織里､立花日菜､矢野妃菜喜
,,M12.逃げ切りっ！Fallin' Love,
,,,高野麻里佳､長谷川育美､田澤茉純､のぐちゆり､花井美春
,,M13.Enjoy and Join,
,,,上田瞳､近藤唯､長谷川育美､渡部優衣､渡部恵子
,,M14.Find My Only Way,
,,,田所あずさ､佐伯伊織､田澤茉純､のぐちゆり
,,M15.願いのカタチ,
,,,Machico
,,M16.ささやかな祈り,
,,,石見舞菜香
,,M17.木漏れ日のエール,
,,,Machico､大西沙織
,,M18.Special Record!,
,,,和氣あず未､高野麻里佳､Machico､上田瞳､木村千咲､大西沙織､田所あずさ､近藤唯､長谷川育美､石見舞菜香､渡部優衣､渡部恵子､前田佳織里､佐伯伊織､田澤茉純､のぐちゆり､花井美春､立花日菜､矢野妃菜喜
,,M19.Never Looking Back,
,,,和氣あず未､高野麻里佳､Machico､上田瞳､木村千咲､大西沙織､田所あずさ､近藤唯､長谷川育美､石見舞菜香､渡部優衣､渡部恵子､前田佳織里､佐伯伊織､田澤茉純､のぐちゆり､花井美春､立花日菜､矢野妃菜喜
,,M20.うまぴょい伝説,
,,,和氣あず未､高野麻里佳､Machico､上田瞳､大橋彩香､木村千咲､大西沙織､田所あずさ､近藤唯､長谷川育美､石見舞菜香､渡部優衣､渡部恵子､前田佳織里､佐伯伊織､田澤茉純､のぐちゆり､花井美春､立花日菜､矢野妃菜喜､明坂聡美､沖野晃司
2021年10月06日,,,
,FNS歌謡祭 秋～もう一度観たい名曲・名演～@FCGビル(東京・港区)【無観客】,,
,,M01.うまぴょい伝説 ※Short ver.,
,,,和氣あず未､高野麻里佳､Machico､大橋彩香､髙橋ミナミ､田所あずさ､花井美春
2021年10月09日,,,
,シブヤノオト and more FES.2021@NHKホール(東京・渋谷区)【無観客】,,
,,M01.GIRLS' LEGEND U ※Short ver.,
,,,和氣あず未､高野麻里佳､Machico､Lynn､徳井青空､田所あずさ
2021年11月06日,,,
,STARTING GATE Unit Song Collection 発売記念配信イベント@オンライン生配信(東京・特別区)【無観客】,,
,,M01.春空BLUE,
,,,近藤唯､渡部優衣､渡部恵子
,,M02.UNLIMITED IMPACT,
,,,Lynn､松井恵理子､高柳知葉
,WINNING LIVE 02 発売記念配信イベント@オンライン生配信(東京・特別区)【無観客】,,
,,M01.涙ひかって明日になれ！,
,,,近藤唯､渡部優衣､渡部恵子
,,M02.うまぴょい伝説,
,,,Lynn､松井恵理子､高柳知葉､近藤唯､渡部優衣､渡部恵子
2021年11月20日,,,
,ANIMAX MUSIX 2021 YOKOHAMA Part2@横浜アリーナ(神奈川・横浜港北区)【声出し禁止】,,
,,M01.ユメヲカケル！,
,,,Machico､上田瞳､遠野ひかる､田澤茉純､のぐちゆり､山根綺､花井美春
,,M02.winning the soul,
,,,Machico､上田瞳､遠野ひかる､田澤茉純､のぐちゆり､山根綺､花井美春
,,M03.うまぴょい伝説,
,,,Machico､上田瞳､小倉唯､遠野ひかる､田澤茉純､のぐちゆり､山根綺､花井美春
,,M04.ウィーアー！,
,,,Machico､上田瞳､小倉唯､遠野ひかる､田澤茉純､のぐちゆり､山根綺､花井美春､秋奈､他出演キャスト全員
2021年11月21日,,,
,NHK WORLD JAPAN presents SONGS OF TOKYO Festival 2021@NHKホール(東京・渋谷区)【無観客】,,
,,M01.GIRLS' LEGEND U ※Short ver.,
,,,和氣あず未､Machico､Lynn､大橋彩香､田所あずさ､小倉唯､渡部優衣､前田佳織里
,,M02.ユメヲカケル！ ※Short ver.,
,,,和氣あず未､Machico､Lynn､大橋彩香､田所あずさ､小倉唯､渡部優衣､前田佳織里
,,M03.うまぴょい伝説 ※Short ver.,
,,,和氣あず未､Machico､Lynn､大橋彩香､田所あずさ､小倉唯､渡部優衣､前田佳織里
2021年12月1日,,,
,2021 FNS歌謡祭@FCGビル(東京・港区)【無観客】,,
,,M01.ユメヲカケル！ ※Short ver.,
,,,高野麻里佳､Machico､徳井青空､田所あずさ､青木瑠璃子､小倉唯､花井美春
2021年12月31日,,,
,ももいろクローバーZ 第5回ももいろ歌合戦 ~届け！希望の彼方へ~@日本武道館(東京・千代田区)【声出し禁止】,,
,,M01.うまぴょい伝説,
,,,和氣あず未､高野麻里佳､Machico､高柳知葉､上田瞳､大橋彩香､髙橋ミナミ､田所あずさ､小倉唯､佐伯伊織､遠野ひかる､高城れに
,,M02.三百六十五歩のマーチ,
,,,和氣あず未､高野麻里佳､Machico､高柳知葉､上田瞳､大橋彩香､髙橋ミナミ､田所あずさ､小倉唯､佐伯伊織､遠野ひかる､高城れに､他出演キャスト全員
2022年01月01日,,,
,CDTVスペシャル！年越しプレミアライブ2021→2022@TBS放送センター(東京・港区)【無観客】,,
,,M01.うまぴょい伝説 ※Short ver.,
,,,和氣あず未､高野麻里佳､Machico､高柳知葉､上田瞳､大橋彩香､髙橋ミナミ､田所あずさ､小倉唯､佐伯伊織､遠野ひかる
2022年02月13日,,,
,オダイバ!!超次元音楽祭-ヨコハマからハッピーバレンタインフェス2022-@ぴあアリーナMM(神奈川・横浜西区)【声出し禁止】,,
,,M01.ユメヲカケル！ ※Short ver.,
,,,松井恵理子､徳井青空､衣川里佳､長谷川育美､土師亜文､咲々木瞳､篠原侑､山根綺
,,M02.NEXT FRONTIER ※Short ver.,
,,,松井恵理子､徳井青空､衣川里佳､長谷川育美､土師亜文､咲々木瞳､篠原侑､山根綺
,,M03.Make debut! ※Short ver.,
,,,松井恵理子､徳井青空､衣川里佳､長谷川育美､土師亜文､咲々木瞳､篠原侑､山根綺
,,M04.うまぴょい伝説 ※Short ver.,
,,,松井恵理子､徳井青空､衣川里佳､長谷川育美､土師亜文､咲々木瞳､篠原侑､山根綺
2022年03月05日,,,
,ウマ娘 プリティーダービー 4th EVENT SPECIAL DREAMERS!! 東京公演 DAY1@京王アリーナ TOKYO(東京・調布市)【声出し禁止】,,
,,M01.We are DREAMERS!!,
,,,和氣あず未､高野麻里佳､Machico､Lynn､高柳知葉､上田瞳､大橋彩香､木村千咲､橋本ちなみ､近藤唯､渡部優衣､藤野彩水､香坂さき､優木かな､鈴木絵理､新田ひより､久保田ひかり､前田佳織里､佐伯伊織､遠野ひかる､会沢紗弥､日原あゆみ､吉咲みゆ
,,M02.Fanfare for Future!,
,,,和氣あず未､高野麻里佳､Machico
,,M03.WINnin' 5 -ウイニング☆ファイヴ-,
,,,橋本ちなみ､近藤唯､優木かな､新田ひより､久保田ひかり
,,M04.ぼくらのブルーバードデイズ,
,,,上田瞳､大橋彩香､木村千咲
,,M05.Lucky Comes True!,
,,,新田ひより
,,M06.NEXT FRONTIER,
,,,藤野彩水､優木かな､日原あゆみ
,,M07.winning the soul,
,,,Machico､近藤唯､渡部優衣､香坂さき､会沢紗弥
,,M08.GIRLS' LEGEND U,
,,,橋本ちなみ､藤野彩水､香坂さき､優木かな､鈴木絵理､久保田ひかり､遠野ひかる､会沢紗弥､日原あゆみ､吉咲みゆ
,,M09.Exercise the Right,
,,,佐伯伊織
,,M10.UNLIMITED IMPACT,
,,,高柳知葉､会沢紗弥､日原あゆみ
,,M11.BLOW my GALE,
,,,和氣あず未､高野麻里佳､Lynn､木村千咲､藤野彩水
,,M12.Never Looking Back,
,,,Machico､上田瞳､近藤唯､渡部優衣､鈴木絵理､遠野ひかる
,,M13.グロウアップ・シャイン！,
,,,橋本ちなみ､香坂さき､優木かな､佐伯伊織､日原あゆみ､吉咲みゆ
,,M14.Enjoy and Join,
,,,和氣あず未､Machico､渡部優衣､藤野彩水
,,M15.Just a little bit,
,,,久保田ひかり
,,M16.transforming,
,,,高野麻里佳､新田ひより
,,M17.Ring Ring ダイアリー,
,,,高柳知葉､前田佳織里､佐伯伊織､遠野ひかる､会沢紗弥
,,M18.彩 Phantasia,
,,,大橋彩香､木村千咲､橋本ちなみ､久保田ひかり､吉咲みゆ
,,M19.ユメヲカケル！,
,,,Machico､近藤唯､渡部優衣､前田佳織里､遠野ひかる
,,M20.Make debut!,
,,,Lynn､橋本ちなみ､香坂さき､優木かな､鈴木絵理､遠野ひかる､吉咲みゆ
,,M21.Find My Only Way,
,,,和氣あず未､高野麻里佳､高柳知葉
,,M22.大好きのタカラバコ,
,,,和氣あず未､高野麻里佳､Machico､Lynn､高柳知葉､上田瞳､大橋彩香､木村千咲､橋本ちなみ､近藤唯､渡部優衣､藤野彩水､香坂さき､優木かな､鈴木絵理､新田ひより､久保田ひかり､前田佳織里､佐伯伊織､遠野ひかる､会沢紗弥､日原あゆみ､吉咲みゆ
,,M23.走れウマ娘,
,,,和氣あず未､高野麻里佳､Machico､Lynn､高柳知葉､上田瞳､大橋彩香､木村千咲､橋本ちなみ､近藤唯､渡部優衣､藤野彩水､香坂さき､優木かな､鈴木絵理､新田ひより､久保田ひかり､前田佳織里､佐伯伊織､遠野ひかる､会沢紗弥､日原あゆみ､吉咲みゆ､陶山恵実里､明坂聡美
,,M24.うまぴょい伝説,
,,,和氣あず未､高野麻里佳､Machico､Lynn､高柳知葉､上田瞳､大橋彩香､木村千咲､橋本ちなみ､近藤唯､渡部優衣､藤野彩水､香坂さき､優木かな､鈴木絵理､新田ひより､久保田ひかり､前田佳織里､佐伯伊織､遠野ひかる､会沢紗弥､日原あゆみ､吉咲みゆ､陶山恵実里､明坂聡美
2022年03月06日,,,
,ウマ娘 プリティーダービー 4th EVENT SPECIAL DREAMERS!! 東京公演 DAY2@京王アリーナ TOKYO(東京・調布市)【声出し禁止】,,
,,M01.We are DREAMERS!!,
,,,和氣あず未､高野麻里佳､Machico､Lynn､松井恵理子､高柳知葉､上田瞳､大橋彩香､木村千咲､前田玲奈､髙橋ミナミ､田所あずさ､大和田仁美､新田ひより､和多田美咲､前田佳織里､佐伯伊織､遠野ひかる､立花日菜､矢野妃菜喜､野口瑠璃子､中村カンナ
,,M02.winning the soul,
,,,Machico､田所あずさ
,,M03.GIRLS' LEGEND U,
,,,松井恵理子､鬼頭明里､大和田仁美､和多田美咲､遠野ひかる､野口瑠璃子､中村カンナ
,,M04.BLOW my GALE,
,,,和氣あず未､Lynn､木村千咲､前田玲奈､田所あずさ
,,M05.UNLIMITED IMPACT,
,,,Lynn､松井恵理子､高柳知葉
,,M06.Never Looking Back,
,,,上田瞳､田所あずさ､大和田仁美､新田ひより､遠野ひかる､立花日菜
,,M07.禁断Burning Heart,
,,,Lynn
,,M08.CATCH THE VICTORY!,
,,,大橋彩香
,,M09.Rising Girl,
,,,木村千咲
,,M10.本能スピード,
,,,高柳知葉､大橋彩香､髙橋ミナミ､前田佳織里､佐伯伊織
,,M11.Make debut!,
,,,和氣あず未､高野麻里佳､大和田仁美､和多田美咲､遠野ひかる､野口瑠璃子､中村カンナ
,,M12.グロウアップ・シャイン！,
,,,松井恵理子､前田玲奈､髙橋ミナミ､田所あずさ､佐伯伊織､立花日菜
,,M13.NEXT FRONTIER,
,,,高柳知葉､前田玲奈､田所あずさ
,,M14.Ambitious World,
,,,立花日菜､矢野妃菜喜
,,M15.WINnin' 5 -ウイニング☆ファイヴ-,
,,,松井恵理子､新田ひより､和多田美咲､野口瑠璃子､中村カンナ
,,M16.ユメヲカケル！,
,,,Lynn､上田瞳､髙橋ミナミ､前田佳織里､立花日菜､矢野妃菜喜
,,M17.逃げ切りっ！Fallin' Love,
,,,高野麻里佳､Lynn､木村千咲､大和田仁美､中村カンナ
,,M18.ぴょいっと♪はれるや！,
,,,和氣あず未､前田玲奈､髙橋ミナミ､鬼頭明里､佐伯伊織
,,M19.transforming,
,,,高野麻里佳､大和田仁美
,,M20.木漏れ日のエール,
,,,Machico､前田佳織里､立花日菜､矢野妃菜喜
,,M21.Find My Only Way,
,,,和氣あず未､高野麻里佳､Machico､上田瞳､大橋彩香､木村千咲､立花日菜
,,M22.大好きのタカラバコ,
,,,和氣あず未､高野麻里佳､Machico､Lynn､松井恵理子､高柳知葉､上田瞳､大橋彩香､木村千咲､前田玲奈､髙橋ミナミ､田所あずさ､大和田仁美､新田ひより､和多田美咲､前田佳織里､佐伯伊織､遠野ひかる､立花日菜､矢野妃菜喜､野口瑠璃子､中村カンナ
,,M23.走れウマ娘,
,,,和氣あず未､高野麻里佳､Machico､Lynn､松井恵理子､高柳知葉､上田瞳､大橋彩香､木村千咲､前田玲奈､髙橋ミナミ､田所あずさ､鬼頭明里､大和田仁美､新田ひより､和多田美咲､前田佳織里､佐伯伊織､遠野ひかる､立花日菜､矢野妃菜喜､野口瑠璃子､中村カンナ､藤井ゆきよ､明坂聡美
,,M24.うまぴょい伝説,
,,,和氣あず未､高野麻里佳､Machico､Lynn､松井恵理子､高柳知葉､上田瞳､大橋彩香､木村千咲､前田玲奈､髙橋ミナミ､田所あずさ､鬼頭明里､大和田仁美､新田ひより､和多田美咲､前田佳織里､佐伯伊織､遠野ひかる､立花日菜､矢野妃菜喜､野口瑠璃子､中村カンナ､藤井ゆきよ､明坂聡美
2022年03月20日,,,
,アニソン!プレミアム! ウマ娘×競馬SP@NHKホール(東京・渋谷区)【無観客】,,
,,M01.Make debut! ※Short ver.,
,,,和氣あず未､Machico､高柳知葉､髙橋ミナミ､田所あずさ､大空直美､佐伯伊織､野口瑠璃子
,,M02.うまぴょい伝説 ※Short ver.,
,,,和氣あず未､Machico､高柳知葉､髙橋ミナミ､田所あずさ､大空直美､佐伯伊織､野口瑠璃子
,,M03.We are DREAMERS!! ※Short ver.,
,,,和氣あず未､Machico､高柳知葉､髙橋ミナミ､田所あずさ､大空直美､佐伯伊織､野口瑠璃子
2022年04月02日,,,
,ウマ娘 プリティーダービー CD WINNING LIVE 03 発売記念配信イベント@オンライン生配信(東京・特別区)【無観客】,,
,,M01.WINnin' 5 -ウイニング☆ファイヴ-,
,,,長谷川育美､石見舞菜香､首藤志奈､久保田ひかり､佐伯伊織
,,M02.Just a little bit,
,,,久保田ひかり
,,M03.Exercise the Right,
,,,佐伯伊織
,,M04.うまぴょい伝説,
,,,長谷川育美､石見舞菜香､首藤志奈､久保田ひかり､佐伯伊織
2022年04月30日,,,
,VTuber Fes Japan 2022@幕張メッセ国際展示場(千葉・美浜区)【声出し禁止】,,
,,M01.うまぴょい伝説,
,,,上田瞳､天音かなた､雪花ラミィ､獅白ぼたん､尾丸ポルカ
,,M02.ピース!!,
,,,上田瞳､天音かなた､雪花ラミィ､獅白ぼたん､尾丸ポルカ､他出演キャスト全員
2022年05月04日,,,
,ウマ娘 プリティーダービー 4th EVENT SPECIAL DREAMERS!! 横浜公演 DAY1@ぴあアリーナMM(神奈川・横浜西区)【声出し禁止】,,
,,M01.We are DREAMERS!!,
,,,Machico､大坪由佳､徳井青空､衣川里佳､鈴木みのり､橋本ちなみ､星谷美緒､土師亜文､咲々木瞳､篠原侑､優木かな､大和田仁美､河井晴菜､首藤志奈､和多田美咲､久保田ひかり､前田佳織里､田澤茉純､立花日菜､矢野妃菜喜､大西綺華､中村カンナ､吉咲みゆ､島田愛野､白砂沙帆
,,M02.RUN×RUN！,
,,,Machico､鈴木みのり､星谷美緒､大和田仁美､河井晴菜､首藤志奈､前田佳織里
,,M03.ENDLESS DREAM!!,
,,,咲々木瞳､篠原侑､田澤茉純､大西綺華､中村カンナ
,,M04.青春が待ってる,
,,,橋本ちなみ､土師亜文､大和田仁美
,,M05.PRESENT MARCH♪,
,,,衣川里佳､優木かな､首藤志奈
,,M06.Enjoy and Join,
,,,徳井青空､和多田美咲､久保田ひかり､吉咲みゆ､島田愛野､白砂沙帆
,,M07.ユメヲカケル！,
,,,Machico､星谷美緒､前田佳織里､田澤茉純､矢野妃菜喜
,,M08.BLOW my GALE,
,,,徳井青空､衣川里佳､鈴木みのり､久保田ひかり､島田愛野､白砂沙帆
,,M09.Never Looking Back,
,,,Machico､橋本ちなみ､土師亜文､首藤志奈､和多田美咲
,,M10.本能スピード,
,,,大坪由佳､篠原侑､河井晴菜､田澤茉純､吉咲みゆ
,,M11.Make debut!,
,,,鈴木みのり､咲々木瞳､大西綺華､島田愛野､白砂沙帆
,,M12.逃げ切りっ！Fallin' Love,
,,,大坪由佳､星谷美緒､篠原侑､大和田仁美､中村カンナ
,,M13.GIRLS' LEGEND U,
,,,鈴木みのり､土師亜文､咲々木瞳､篠原侑､河井晴菜､和多田美咲､久保田ひかり､大西綺華､吉咲みゆ
,,M14.NEXT FRONTIER,
,,,衣川里佳､優木かな､中村カンナ
,,M15.winning the soul,
,,,Machico､矢野妃菜喜
,,M16.WINnin' 5 -ウイニング☆ファイヴ-,
,,,大坪由佳､橋本ちなみ､優木かな､島田愛野､白砂沙帆
,,M17.全速！前進！ウマドルパワー☆,
,,,大和田仁美
,,M18.Ring Ring ダイアリー,
,,,Machico､星谷美緒､河井晴菜､首藤志奈､前田佳織里
,,M19.グロウアップ・シャイン！,
,,,大坪由佳､橋本ちなみ､土師亜文､咲々木瞳､優木かな､和多田美咲､久保田ひかり､田澤茉純､大西綺華､吉咲みゆ
,,M20.Go This Way,
,,,徳井青空､前田佳織里､中村カンナ
,,M21.Ambitious World,
,,,立花日菜､矢野妃菜喜
,,M22.大好きのタカラバコ,
,,,Machico､大坪由佳､徳井青空､衣川里佳､鈴木みのり､橋本ちなみ､星谷美緒､土師亜文､咲々木瞳､篠原侑､優木かな､大和田仁美､河井晴菜､首藤志奈､和多田美咲､久保田ひかり､前田佳織里､田澤茉純､立花日菜､矢野妃菜喜､大西綺華､中村カンナ､吉咲みゆ､島田愛野､白砂沙帆
,,M23.走れウマ娘,
,,,Machico､大坪由佳､徳井青空､衣川里佳､鈴木みのり､橋本ちなみ､星谷美緒､土師亜文､咲々木瞳､篠原侑､優木かな､大和田仁美､河井晴菜､首藤志奈､和多田美咲､久保田ひかり､前田佳織里､田澤茉純､立花日菜､矢野妃菜喜､大西綺華､中村カンナ､吉咲みゆ､島田愛野､白砂沙帆､明坂聡美
,,M24.うまぴょい伝説,
,,,Machico､大坪由佳､徳井青空､衣川里佳､鈴木みのり､橋本ちなみ､星谷美緒､土師亜文､咲々木瞳､篠原侑､優木かな､大和田仁美､河井晴菜､首藤志奈､和多田美咲､久保田ひかり､前田佳織里､田澤茉純､立花日菜､矢野妃菜喜､大西綺華､中村カンナ､吉咲みゆ､島田愛野､白砂沙帆､明坂聡美
2022年05月05日,,,
,ウマ娘 プリティーダービー 4th EVENT SPECIAL DREAMERS!! 横浜公演 DAY2@ぴあアリーナMM(神奈川・横浜西区)【声出し禁止】,,
,,M01.We are DREAMERS!!,
,,,和氣あず未､高柳知葉､上田瞳､大橋彩香､木村千咲､大坪由佳､前田玲奈､髙橋ミナミ､徳井青空､衣川里佳､近藤唯､星谷美緒､小倉唯､渡部優衣､香坂さき､大和田仁美､鈴木絵理､渡部恵子､新田ひより､佐伯伊織､遠野ひかる､矢野妃菜喜､野口瑠璃子､日原あゆみ
,,M02.奇跡を信じて！,
,,,大坪由佳､前田玲奈､衣川里佳
,,M03.ぴょいっと♪はれるや！,
,,,和氣あず未､前田玲奈､髙橋ミナミ､星谷美緒､佐伯伊織
,,M04.WINnin' 5 -ウイニング☆ファイヴ-,
,,,大坪由佳､徳井青空､近藤唯､新田ひより､野口瑠璃子
,,M05.RUN×RUN！,
,,,和氣あず未､星谷美緒､香坂さき､大和田仁美､鈴木絵理､渡部恵子､遠野ひかる
,,M06.グロウアップ・シャイン！,
,,,大橋彩香､木村千咲､大坪由佳､渡部優衣､佐伯伊織､日原あゆみ
,,M07.武名疾走！,
,,,日原あゆみ
,,M08.winning the soul,
,,,大橋彩香､近藤唯､新田ひより､矢野妃菜喜､野口瑠璃子
,,M09.NEXT FRONTIER,
,,,上田瞳､衣川里佳､日原あゆみ
,,M10.Never Looking Back,
,,,大和田仁美､鈴木絵理､新田ひより､佐伯伊織､遠野ひかる
,,M11.BLOW my GALE,
,,,和氣あず未､木村千咲､前田玲奈､徳井青空､衣川里佳､渡部恵子
,,M12.UNLIMITED IMPACT,
,,,高柳知葉､大坪由佳､髙橋ミナミ､香坂さき､日原あゆみ
,,M13.嗚呼それが我が宿命 ※4th Ver,
,,,髙橋ミナミ､徳井青空､大和田仁美､佐伯伊織
,,M14.GIRLS' LEGEND U,
,,,小倉唯､渡部優衣､香坂さき､鈴木絵理､渡部恵子､遠野ひかる
,,M15.Make debut!,
,,,和氣あず未､高柳知葉､前田玲奈､髙橋ミナミ､佐伯伊織
,,M16.Goal To My SHIP,
,,,上田瞳
,,M17.ひたむきマイノート,
,,,野口瑠璃子
,,M18.ユメヲカケル！,
,,,高柳知葉､上田瞳､木村千咲､近藤唯､星谷美緒､新田ひより､矢野妃菜喜
,,M19.Enjoy and Join,
,,,大橋彩香､徳井青空､渡部優衣､香坂さき､鈴木絵理､遠野ひかる
,,M20.Go This Way,
,,,髙橋ミナミ､小倉唯､野口瑠璃子
,,M21.Find My Only Way,
,,,和氣あず未､高柳知葉､上田瞳､大橋彩香､木村千咲
,,M22.春空BLUE,
,,,近藤唯､渡部優衣､渡部恵子
,,M23.大好きのタカラバコ,
,,,和氣あず未､高柳知葉､上田瞳､大橋彩香､木村千咲､大坪由佳､前田玲奈､髙橋ミナミ､徳井青空､衣川里佳､近藤唯､星谷美緒､小倉唯､渡部優衣､香坂さき､大和田仁美､鈴木絵理､渡部恵子､新田ひより､佐伯伊織､遠野ひかる､矢野妃菜喜､野口瑠璃子､日原あゆみ
,,M24.走れウマ娘,
,,,和氣あず未､高柳知葉､上田瞳､大橋彩香､木村千咲､大坪由佳､前田玲奈､髙橋ミナミ､徳井青空､衣川里佳､近藤唯､星谷美緒､小倉唯､渡部優衣､香坂さき､大和田仁美､鈴木絵理､渡部恵子､新田ひより､佐伯伊織､遠野ひかる､矢野妃菜喜､野口瑠璃子､日原あゆみ､明坂聡美
,,M25.うまぴょい伝説,
,,,和氣あず未､高柳知葉､上田瞳､大橋彩香､木村千咲､大坪由佳､前田玲奈､髙橋ミナミ､徳井青空､衣川里佳､近藤唯､星谷美緒､小倉唯､渡部優衣､香坂さき､大和田仁美､鈴木絵理､渡部恵子､新田ひより､佐伯伊織､遠野ひかる､矢野妃菜喜､野口瑠璃子､日原あゆみ､明坂聡美
2022年05月22日,,,
,ウマ娘 プリティーダービー CD WINNING LIVE 04 発売記念配信イベント@オンライン生配信(東京・特別区)【無観客】,,
,,M01.BLOW my GALE,
,,,衣川里佳､大空直美､小倉唯､野口瑠璃子､日原あゆみ
,,M02.武名疾走！,
,,,日原あゆみ
,,M03.ひたむきマイノート,
,,,野口瑠璃子
,,M04.うまぴょい伝説,
,,,衣川里佳､大空直美､小倉唯､野口瑠璃子､日原あゆみ
2022年06月12日,,,
,V-Carnival VOL.2 DAY2@オンライン生配信(東京・特別区)【無観客】,,
,,M01.うまぴょい伝説,
,,,和氣あず未､木村千咲､首藤志奈､SIRO､魔界ノりりむ､天宮こころ
2022年07月16日,,,
,音楽の日2022@TBS放送センター(東京・港区)【無観客】,,
,,M01.うまぴょい伝説 ※Short ver.,
,,,和氣あず未､Machico､髙橋ミナミ､徳井青空､小倉唯､前田佳織里､会沢紗弥
2022年07月17日,,,
,BILIBILI MACRO LINK - STAR PHASE 2022@幕張メッセイベントホール(千葉・美浜区)【声出し禁止】,,
,,M01.うまぴょい伝説,
,,,和氣あず未､高野麻里佳､Machico､前田玲奈､髙橋ミナミ､優木かな､久保田ひかり､前田佳織里､会沢紗弥
,,M02.winning the soul ※Game size,
,,,Machico､久保田ひかり､前田佳織里､会沢紗弥
,,M03.Make debut! ※Game size,
,,,和氣あず未､高野麻里佳､前田玲奈､髙橋ミナミ､優木かな
,,M04.ユメヲカケル！,
,,,和氣あず未､高野麻里佳､Machico､前田玲奈､髙橋ミナミ､優木かな､久保田ひかり､前田佳織里､会沢紗弥
,WINNING LIVE 05 & WINNING LIVE 06発売記念 配信イベント@オンライン生配信(東京・特別区)【無観客】,,
,,M01.うまぴょい伝説,
,,,上田瞳､木村千咲､遠野ひかる､立花日菜
,,M02.ぱかチューブっ！ですが、何か？,
,,,上田瞳
,,M03.We are DREAMERS!!,
,,,上田瞳､木村千咲､遠野ひかる､立花日菜
2022年08月07日,,,
,TOKYO IDOL FESTIVAL 2022@Zepp DiverCity(東京・江東区)【声出し禁止】,,
,,M01.ユメヲカケル！,
,,,高柳知葉､鈴木みのり､篠原侑､大和田仁美､新田ひより
,,M02.立ち位置ゼロ番！順位は一番！,
,,,大和田仁美
,,M03.グロウアップ・シャイン！,
,,,高柳知葉､鈴木みのり､篠原侑､大和田仁美､新田ひより
,,M04.うまぴょい伝説,
,,,高柳知葉､鈴木みのり､篠原侑､大和田仁美､新田ひより
2022年08月27日,,,
,Animelo Summer Live 2022 -Sparkle-@GMOアリーナさいたま(埼玉・さいたま中央区)【声出し禁止】,,
,,M01.GIRLS' LEGEND U,
,,,Lynn､大橋彩香､徳井青空､小倉唯､咲々木瞳､遠野ひかる､のぐちゆり､山根綺､花井美春､立花日菜､矢野妃菜喜､中村カンナ
,,M02.We are DREAMERS!!,
,,,Lynn､大橋彩香､徳井青空､小倉唯､咲々木瞳､遠野ひかる､のぐちゆり､山根綺､花井美春､立花日菜､矢野妃菜喜､中村カンナ
,,M03.うまぴょい伝説,
,,,Lynn､大橋彩香､徳井青空､小倉唯､咲々木瞳､遠野ひかる､のぐちゆり､山根綺､花井美春､立花日菜､矢野妃菜喜､中村カンナ
,,M04.Sparkle,
,,,Lynn､大橋彩香､徳井青空､小倉唯､咲々木瞳､遠野ひかる､のぐちゆり､山根綺､花井美春､立花日菜､矢野妃菜喜､中村カンナ､他出演キャスト全員
2022年09月25日,,,
,『ウマ娘 プリティーダービー』WINNING LIVE 07 発売記念 配信イベント@オンライン生配信(東京・特別区)【無観客】,,
,,M01.ユースフルアイズ,
,,,真野美月
,,M02.マーベラスサンデータイム☆★,
,,,三宅麻理恵
,,M03.ときめきスクランブル,
,,,星谷美緒
,,M04.うまぴょい伝説,
,,,上田瞳､星谷美緒､石見舞菜香､渡部優衣､三宅麻理恵､真野美月
2022年11月05日,,,
,ウマ娘 プリティーダービー 4th EVENT SPECIAL DREAMERS!! EXTRA STAGE DAY1@ベルーナドーム(埼玉・所沢市)【声出し禁止】,,
,,M01.うまぴょい伝説,
,,,和氣あず未､Machico､Lynn､高柳知葉､木村千咲､大坪由佳､衣川里佳､大空直美､星谷美緒､長谷川育美､土師亜文､石見舞菜香､咲々木瞳､優木かな､久保田ひかり､前田佳織里､佐伯伊織､立花日菜､矢野妃菜喜､野口瑠璃子､会沢紗弥､日原あゆみ､大西綺華､真野美月､中村カンナ､今泉りおな､礒部花凜､井上ほの花､佐藤日向､稲垣好
,,M02.WINnin' 5 -ウイニング☆ファイヴ-,
,,,高柳知葉､大坪由佳､大空直美､長谷川育美､土師亜文､石見舞菜香､久保田ひかり､佐伯伊織､会沢紗弥､大西綺華
,,M03.Make debut!,
,,,真野美月､今泉りおな､礒部花凜､井上ほの花､佐藤日向､稲垣好
,,M04.RUN×RUN！,
,,,和氣あず未､Machico､星谷美緒､優木かな､前田佳織里､日原あゆみ
,,M05.ユメゾラ,
,,,衣川里佳､大空直美､矢野妃菜喜
,,M06.彩 Phantasia,
,,,木村千咲､久保田ひかり､礒部花凜､井上ほの花
,,M07.Ms. VICTORIA,
,,,和氣あず未､Lynn､高柳知葉､土師亜文､咲々木瞳､立花日菜､野口瑠璃子､日原あゆみ､中村カンナ
,,M08.トレセン体操,
,,,Machico､Lynn､大坪由佳､土師亜文､咲々木瞳､前田佳織里､立花日菜､矢野妃菜喜､中村カンナ
,,M09.わたしの印は大本命◎ ※Marching Band Ver.,
,,,和氣あず未
,,M10.ときめきスクランブル,
,,,星谷美緒
,,M11.LIKE THE WIND,
,,,今泉りおな
,,M12.忘却にて,
,,,井上ほの花
,,M13.Ring Ring ダイアリー,
,,,Machico､石見舞菜香､久保田ひかり､前田佳織里､日原あゆみ
,,M14.Gaze on Me!,
,,,木村千咲､星谷美緒､真野美月､今泉りおな､礒部花凜､井上ほの花､佐藤日向､稲垣好
,,M15.Never Looking Back,
,,,木村千咲､大坪由佳､星谷美緒､土師亜文､久保田ひかり､大西綺華
,,M16.ユースフルアイズ,
,,,真野美月
,,M17.本能スピード,
,,,Lynn､大坪由佳､前田佳織里､佐伯伊織､礒部花凜､井上ほの花､佐藤日向､稲垣好
,,M18.NEXT FRONTIER,
,,,高柳知葉､石見舞菜香､優木かな､矢野妃菜喜､大西綺華､今泉りおな
,,M19.winning the soul ※Remix Ver.,
,,,長谷川育美､咲々木瞳､立花日菜､野口瑠璃子､日原あゆみ､中村カンナ
,,M20.BLOW my GALE,
,,,和氣あず未､Lynn､木村千咲､衣川里佳､大空直美､前田佳織里､佐伯伊織
,,M21.My Against Fight,
,,,大空直美
,,M22.硝子のエトワール,
,,,会沢紗弥
,,M23.ふんわりSlowly,
,,,優木かな
,,M24.unbreakable,
,,,高柳知葉
,,M25.UNLIMITED IMPACT,
,,,高柳知葉､大空直美､優木かな､野口瑠璃子､会沢紗弥､日原あゆみ
,,M26.メジロ讃歌,
,,,土師亜文､久保田ひかり､会沢紗弥､大西綺華
,,M27.願いのカタチ ※Strings Ver.,
,,,Machico
,,M28.Find My Only Way ※Acoustic Ver.,
,,,大坪由佳､衣川里佳､咲々木瞳､真野美月､中村カンナ､今泉りおな､稲垣好
,,M29.Special Record!,
,,,和氣あず未､Machico､Lynn､長谷川育美､石見舞菜香､前田佳織里､立花日菜､矢野妃菜喜､礒部花凜､佐藤日向
,,M30.We are DREAMERS!!,
,,,和氣あず未､Machico､Lynn､高柳知葉､木村千咲､大坪由佳､衣川里佳､大空直美､星谷美緒､長谷川育美､土師亜文､石見舞菜香､咲々木瞳､優木かな､久保田ひかり､前田佳織里､佐伯伊織､立花日菜､矢野妃菜喜､野口瑠璃子､会沢紗弥､日原あゆみ､大西綺華､真野美月､中村カンナ､今泉りおな､礒部花凜､井上ほの花､佐藤日向､稲垣好
,,M31.GIRLS' LEGEND U,
,,,和氣あず未､Machico､Lynn､高柳知葉､木村千咲､大坪由佳､衣川里佳､大空直美､星谷美緒､長谷川育美､土師亜文､石見舞菜香､咲々木瞳､優木かな､久保田ひかり､前田佳織里､佐伯伊織､立花日菜､矢野妃菜喜､野口瑠璃子､会沢紗弥､日原あゆみ､大西綺華､真野美月､中村カンナ､今泉りおな､礒部花凜､井上ほの花､佐藤日向､稲垣好
,,M32.うまぴょい伝説,
,,,和氣あず未､Machico､Lynn､高柳知葉､木村千咲､大坪由佳､衣川里佳､大空直美､星谷美緒､長谷川育美､土師亜文､石見舞菜香､咲々木瞳､優木かな､久保田ひかり､前田佳織里､佐伯伊織､立花日菜､矢野妃菜喜､野口瑠璃子､会沢紗弥､日原あゆみ､大西綺華､真野美月､中村カンナ､今泉りおな､礒部花凜､井上ほの花､佐藤日向､稲垣好､井上喜久子､明坂聡美
2022年11月06日,,,
,ウマ娘 プリティーダービー 4th EVENT SPECIAL DREAMERS!! EXTRA STAGE DAY2@ベルーナドーム(埼玉・所沢市)【声出し禁止】,,
,,M01.うまぴょい伝説,
,,,和氣あず未､Machico､Lynn､上田瞳､前田玲奈､髙橋ミナミ､徳井青空､衣川里佳､田所あずさ､長谷川育美､石見舞菜香､咲々木瞳､渡部優衣､大和田仁美､和多田美咲､前田佳織里､佐伯伊織､遠野ひかる､田澤茉純､のぐちゆり､山根綺､花井美春､立花日菜､矢野妃菜喜､野口瑠璃子､青山吉能､中村カンナ､春川芽生､松岡美里
,,M02.逃げ切りっ！Fallin' Love,
,,,Lynn､長谷川育美､大和田仁美､のぐちゆり､山根綺､花井美春､矢野妃菜喜
,,M03.ぴょいっと♪はれるや！,
,,,和氣あず未､前田玲奈､髙橋ミナミ､佐伯伊織､青山吉能
,,M04.Make debut!,
,,,徳井青空､咲々木瞳､中村カンナ
,,M05.ゆるパカHAPPY DAYS！,
,,,青山吉能､春川芽生､松岡美里
,,M06.ENDLESS DREAM!!,
,,,長谷川育美､和多田美咲､前田佳織里､田澤茉純､野口瑠璃子
,,M07.立ち位置ゼロ番！順位は一番！,
,,,大和田仁美
,,M08.笑っちゃお！,
,,,山根綺
,,M09.ミッドナイト・エピローグ,
,,,Machico､遠野ひかる､花井美春､立花日菜､松岡美里
,,M10.グロウアップ・シャイン！,
,,,Machico､上田瞳､髙橋ミナミ､衣川里佳､田所あずさ､和多田美咲､野口瑠璃子､春川芽生
,,M11.トレセン体操,
,,,和氣あず未､前田玲奈､髙橋ミナミ､徳井青空､石見舞菜香､咲々木瞳､和多田美咲､佐伯伊織､野口瑠璃子､中村カンナ､沖野晃司
,,M12.winning the soul,
,,,Machico､田所あずさ､矢野妃菜喜､青山吉能
,,M13.SEVEN,
,,,Machico､田所あずさ
,,M14.Gaze on Me!,
,,,大和田仁美､和多田美咲､遠野ひかる､田澤茉純､のぐちゆり､山根綺､松岡美里
,,M15.Ms. VICTORIA,
,,,Lynn､髙橋ミナミ､咲々木瞳､渡部優衣､花井美春､立花日菜､野口瑠璃子､中村カンナ､松岡美里
,,M16.NEXT FRONTIER,
,,,上田瞳､前田玲奈､徳井青空､石見舞菜香､矢野妃菜喜､春川芽生
,,M17.BLOW my GALE,
,,,和氣あず未､Lynn､前田玲奈､徳井青空､衣川里佳､前田佳織里､佐伯伊織
,,M18.大好きのタカラバコ,
,,,Lynn､田所あずさ､春川芽生
,,M19.Ambitious World,
,,,立花日菜､矢野妃菜喜
,,M20.走れウマ娘 ※Remix Ver.,
,,,長谷川育美､前田佳織里､遠野ひかる､田澤茉純､のぐちゆり､山根綺､花井美春
,,M21.Exercise the Right ※Remix Ver.,
,,,佐伯伊織､のぐちゆり､山根綺
,,M22.禁断Burning Heart ※Remix Ver.,
,,,Lynn､のぐちゆり､山根綺
,,M23.ゴルシでラップ -It's むりむり- ※Remix Ver.,
,,,上田瞳､のぐちゆり､山根綺
,,M24.Never Looking Back ※Remix Ver.,
,,,前田玲奈､髙橋ミナミ､徳井青空､咲々木瞳､和多田美咲､のぐちゆり､山根綺､青山吉能､中村カンナ
,,M25.アウト・オブ・トライアングル,
,,,前田佳織里
,,M26.ユメヲカケル！,
,,,前田佳織里､遠野ひかる､田澤茉純､花井美春
,,M27.木漏れ日のエール,
,,,Machico､大西沙織
,,M28.はじまりのSignal,
,,,大西沙織､立花日菜
,,M29.ささやかな祈り,
,,,石見舞菜香
,,M30.涙ひかって明日になれ！,
,,,渡部優衣
,,M31.BLAZE,
,,,衣川里佳
,,M32.笑顔の宝物 -Beyond The Future!-,
,,,和氣あず未､上田瞳､大西沙織､衣川里佳､石見舞菜香､渡部優衣
,,M33.Precious Star Dreamer,
,,,和氣あず未､上田瞳､大西沙織､衣川里佳､石見舞菜香､渡部優衣
,,M34.We are DREAMERS!!,
,,,和氣あず未､Machico､Lynn､上田瞳､前田玲奈､髙橋ミナミ､徳井青空､衣川里佳､田所あずさ､長谷川育美､石見舞菜香､咲々木瞳､渡部優衣､大和田仁美､和多田美咲､前田佳織里､佐伯伊織､遠野ひかる､田澤茉純､のぐちゆり､山根綺､花井美春､立花日菜､矢野妃菜喜､野口瑠璃子､青山吉能､中村カンナ､春川芽生､松岡美里
,,M35.GIRLS' LEGEND U,
,,,和氣あず未､Machico､Lynn､上田瞳､前田玲奈､髙橋ミナミ､徳井青空､衣川里佳､田所あずさ､長谷川育美､石見舞菜香､咲々木瞳､渡部優衣､大和田仁美､和多田美咲､前田佳織里､佐伯伊織､遠野ひかる､田澤茉純､のぐちゆり､山根綺､花井美春､立花日菜､矢野妃菜喜､野口瑠璃子､青山吉能､中村カンナ､春川芽生､松岡美里
,,M36.うまぴょい伝説,
,,,和氣あず未､Machico､Lynn､上田瞳､前田玲奈､髙橋ミナミ､徳井青空､衣川里佳､田所あずさ､長谷川育美､石見舞菜香､咲々木瞳､渡部優衣､大和田仁美､和多田美咲､前田佳織里､佐伯伊織､遠野ひかる､田澤茉純､のぐちゆり､山根綺､花井美春､立花日菜､矢野妃菜喜､野口瑠璃子､青山吉能､中村カンナ､春川芽生､松岡美里､明坂聡美､沖野晃司
2022年11月19日,,,
,ANIMAX MUSIX 2022@横浜アリーナ(神奈川・横浜港北区)【声出し禁止】,,
,,M01.ゆるパカHAPPY DAYS！,
,,,Machico､大橋彩香､大和田仁美､松岡美里､菊池紗矢香､須藤叶希
,,M02.Gaze on Me!,
,,,Machico､大橋彩香､大和田仁美､松岡美里､菊池紗矢香､須藤叶希
,,M03.うまぴょい伝説,
,,,Machico､大橋彩香､大和田仁美､松岡美里､菊池紗矢香､須藤叶希､オーイシマサヨシ
,,M04.Enter Enter MISSION !,
,,,Machico､大橋彩香､大和田仁美､松岡美里､菊池紗矢香､須藤叶希､オーイシマサヨシ､他出演キャスト全員
2022年11月27日,,,
,『ウマ娘 プリティーダービー』WINNING LIVE 08 発売記念 配信イベント@オンライン生配信(東京・特別区)【無観客】,,
,,M01.Gaze on Me!,
,,,星谷美緒､山根綺､今泉りおな､井上ほの花､佐藤日向､稲垣好
,,M02.忘却にて,
,,,井上ほの花
,,M03.LIKE THE WIND,
,,,今泉りおな
,,M04.笑っちゃお！,
,,,山根綺
,,M05.うまぴょい伝説,
,,,星谷美緒､山根綺､今泉りおな､井上ほの花､佐藤日向､稲垣好
2022年12月31日,,,
,第6回 ももいろ歌合戦 2022→2023@日本武道館(東京・千代田区)【声出し禁止】,,
,,M01.走れウマ娘 ※大晦日特別ver.,
,,,和氣あず未､Machico､前田佳織里､遠野ひかる､矢野妃菜喜､青山吉能､中村カンナ､春川芽生､松岡美里
,,M02.うまぴょい伝説,
,,,和氣あず未､Machico､前田佳織里､遠野ひかる､矢野妃菜喜､青山吉能､中村カンナ､春川芽生､松岡美里
,,M03.三百六十五歩のマーチ,
,,,和氣あず未､Machico､前田佳織里､遠野ひかる､矢野妃菜喜､青山吉能､中村カンナ､春川芽生､松岡美里､他出演キャスト全員
2023年01月15日,,,
,舞台「ウマ娘 プリティーダービー」～Sprinters’ Story～ 1/15 13:00@品川プリンスホテル ステラボール(東京・港区)【声出し禁止】,,
,,M01.Overrunner! ※Short ver.,
,,,山根綺､今泉りおな､礒部花凜､佐藤日向
,,M02.曲名不明(Go Go runaway),
,,,山根綺
,,M03.Fade to black,
,,,礒部花凜､佐藤日向
,,M04.本能スピード ※Short ver.,
,,,山根綺､礒部花凜
,,M05.曲名不明(Go for it!),
,,,山根綺､今泉りおな､礒部花凜､佐藤日向
,,M06.Make debut! ※Short ver.,
,,,山根綺
,,M07.奇跡,
,,,佐藤日向
,,M08.SUNRISE,
,,,山根綺､今泉りおな
,,M09.Never Looking Back ※Short ver.,
,,,山根綺､礒部花凜､佐藤日向
,,M10.曲名不明(過去の弱さ),
,,,礒部花凜
,,M11.Happiness,
,,,山根綺､今泉りおな､礒部花凜､佐藤日向
,,M12.Find My Only Way ※Short ver.,
,,,山根綺､今泉りおな､礒部花凜､佐藤日向
,,M13.GIRLS' LEGEND U ※Short ver.,
,,,山根綺､今泉りおな､礒部花凜､佐藤日向
,,M14.Overrunner!,
,,,山根綺､今泉りおな､礒部花凜､佐藤日向
,,M15.うまぴょい伝説,
,,,山根綺､今泉りおな､礒部花凜､佐藤日向､稲村梓､門田奈菜
,舞台「ウマ娘 プリティーダービー」～Sprinters’ Story～ 1/15 18:00@品川プリンスホテル ステラボール(東京・港区)【声出し禁止】,,
,,M01.Overrunner! ※Short ver.,
,,,山根綺､今泉りおな､礒部花凜､佐藤日向
,,M02.曲名不明(Go Go runaway),
,,,山根綺
,,M03.Fade to black,
,,,礒部花凜､佐藤日向
,,M04.本能スピード ※Short ver.,
,,,山根綺､礒部花凜
,,M05.曲名不明(Go for it!),
,,,山根綺､今泉りおな､礒部花凜､佐藤日向
,,M06.Make debut! ※Short ver.,
,,,山根綺
,,M07.奇跡,
,,,佐藤日向
,,M08.SUNRISE,
,,,山根綺､今泉りおな
,,M09.Never Looking Back ※Short ver.,
,,,山根綺､礒部花凜､佐藤日向
,,M10.曲名不明(過去の弱さ),
,,,礒部花凜
,,M11.Happiness,
,,,山根綺､今泉りおな､礒部花凜､佐藤日向
,,M12.Find My Only Way ※Short ver.,
,,,山根綺､今泉りおな､礒部花凜､佐藤日向
,,M13.GIRLS' LEGEND U ※Short ver.,
,,,山根綺､今泉りおな､礒部花凜､佐藤日向
,,M14.Overrunner!,
,,,山根綺､今泉りおな､礒部花凜､佐藤日向
,,M15.うまぴょい伝説,
,,,山根綺､今泉りおな､礒部花凜､佐藤日向､稲村梓､門田奈菜
2023年01月27日,,,
,舞台「ウマ娘 プリティーダービー」～Sprinters’ Story～ 1/27 18:00@品川プリンスホテル ステラボール(東京・港区)【声出し禁止】,,
,,M01.Overrunner! ※Short ver.,
,,,山根綺､今泉りおな､礒部花凜､佐藤日向
,,M02.曲名不明(Go Go runaway),
,,,山根綺
,,M03.Fade to black,
,,,礒部花凜､佐藤日向
,,M04.本能スピード ※Short ver.,
,,,山根綺､礒部花凜
,,M05.曲名不明(Go for it!),
,,,山根綺､今泉りおな､礒部花凜､佐藤日向
,,M06.Make debut! ※Short ver.,
,,,山根綺
,,M07.奇跡,
,,,佐藤日向
,,M08.SUNRISE,
,,,山根綺､今泉りおな
,,M09.Never Looking Back ※Short ver.,
,,,山根綺､礒部花凜､佐藤日向
,,M10.曲名不明(過去の弱さ),
,,,礒部花凜
,,M11.Happiness,
,,,山根綺､今泉りおな､礒部花凜､佐藤日向
,,M12.Find My Only Way ※Short ver.,
,,,山根綺､今泉りおな､礒部花凜､佐藤日向
,,M13.GIRLS' LEGEND U ※Short ver.,
,,,山根綺､今泉りおな､礒部花凜､佐藤日向
,,M14.Overrunner!,
,,,山根綺､今泉りおな､礒部花凜､佐藤日向
,,M15.うまぴょい伝説,
,,,山根綺､今泉りおな､礒部花凜､佐藤日向､稲村梓､門田奈菜
2023年01月28日,,,
,舞台「ウマ娘 プリティーダービー」～Sprinters’ Story～ 1/28 13:00@品川プリンスホテル ステラボール(東京・港区)【声出し禁止】,,
,,M01.Overrunner! ※Short ver.,
,,,山根綺､今泉りおな､礒部花凜､佐藤日向
,,M02.曲名不明(Go Go runaway),
,,,山根綺
,,M03.Fade to black,
,,,礒部花凜､佐藤日向
,,M04.本能スピード ※Short ver.,
,,,山根綺､礒部花凜
,,M05.曲名不明(Go for it!),
,,,山根綺､今泉りおな､礒部花凜､佐藤日向
,,M06.Make debut! ※Short ver.,
,,,山根綺
,,M07.奇跡,
,,,佐藤日向
,,M08.SUNRISE,
,,,山根綺､今泉りおな
,,M09.Never Looking Back ※Short ver.,
,,,山根綺､礒部花凜､佐藤日向
,,M10.曲名不明(過去の弱さ),
,,,礒部花凜
,,M11.Happiness,
,,,山根綺､今泉りおな､礒部花凜､佐藤日向
,,M12.Find My Only Way ※Short ver.,
,,,山根綺､今泉りおな､礒部花凜､佐藤日向
,,M13.GIRLS' LEGEND U ※Short ver.,
,,,山根綺､今泉りおな､礒部花凜､佐藤日向
,,M14.Overrunner!,
,,,山根綺､今泉りおな､礒部花凜､佐藤日向
,,M15.うまぴょい伝説,
,,,山根綺､今泉りおな､礒部花凜､佐藤日向､稲村梓､門田奈菜
,舞台「ウマ娘 プリティーダービー」～Sprinters’ Story～ 1/28 18:00@品川プリンスホテル ステラボール(東京・港区)【声出し禁止】,,
,,M01.Overrunner! ※Short ver.,
,,,山根綺､今泉りおな､礒部花凜､佐藤日向
,,M02.曲名不明(Go Go runaway),
,,,山根綺
,,M03.Fade to black,
,,,礒部花凜､佐藤日向
,,M04.本能スピード ※Short ver.,
,,,山根綺､礒部花凜
,,M05.曲名不明(Go for it!),
,,,山根綺､今泉りおな､礒部花凜､佐藤日向
,,M06.Make debut! ※Short ver.,
,,,山根綺
,,M07.奇跡,
,,,佐藤日向
,,M08.SUNRISE,
,,,山根綺､今泉りおな
,,M09.Never Looking Back ※Short ver.,
,,,山根綺､礒部花凜､佐藤日向
,,M10.曲名不明(過去の弱さ),
,,,礒部花凜
,,M11.Happiness,
,,,山根綺､今泉りおな､礒部花凜､佐藤日向
,,M12.Find My Only Way ※Short ver.,
,,,山根綺､今泉りおな､礒部花凜､佐藤日向
,,M13.GIRLS' LEGEND U ※Short ver.,
,,,山根綺､今泉りおな､礒部花凜､佐藤日向
,,M14.Overrunner!,
,,,山根綺､今泉りおな､礒部花凜､佐藤日向
,,M15.うまぴょい伝説,
,,,山根綺､今泉りおな､礒部花凜､佐藤日向､稲村梓､門田奈菜
2023年01月29日,,,
,舞台「ウマ娘 プリティーダービー」～Sprinters’ Story～ 1/29 13:00@品川プリンスホテル ステラボール(東京・港区)【声出し禁止】,,
,,M01.Overrunner! ※Short ver.,
,,,山根綺､今泉りおな､礒部花凜､佐藤日向
,,M02.曲名不明(Go Go runaway),
,,,山根綺
,,M03.Fade to black,
,,,礒部花凜､佐藤日向
,,M04.本能スピード ※Short ver.,
,,,山根綺､礒部花凜
,,M05.曲名不明(Go for it!),
,,,山根綺､今泉りおな､礒部花凜､佐藤日向
,,M06.Make debut! ※Short ver.,
,,,山根綺
,,M07.奇跡,
,,,佐藤日向
,,M08.SUNRISE,
,,,山根綺､今泉りおな
,,M09.Never Looking Back ※Short ver.,
,,,山根綺､礒部花凜､佐藤日向
,,M10.曲名不明(過去の弱さ),
,,,礒部花凜
,,M11.Happiness,
,,,山根綺､今泉りおな､礒部花凜､佐藤日向
,,M12.Find My Only Way ※Short ver.,
,,,山根綺､今泉りおな､礒部花凜､佐藤日向
,,M13.GIRLS' LEGEND U ※Short ver.,
,,,山根綺､今泉りおな､礒部花凜､佐藤日向
,,M14.Overrunner!,
,,,山根綺､今泉りおな､礒部花凜､佐藤日向
,,M15.うまぴょい伝説,
,,,山根綺､今泉りおな､礒部花凜､佐藤日向､稲村梓､門田奈菜
,舞台「ウマ娘 プリティーダービー」～Sprinters’ Story～ 1/29 18:00@品川プリンスホテル ステラボール(東京・港区)【声出し禁止】,,
,,M01.Overrunner! ※Short ver.,
,,,山根綺､今泉りおな､礒部花凜､佐藤日向
,,M02.曲名不明(Go Go runaway),
,,,山根綺
,,M03.Fade to black,
,,,礒部花凜､佐藤日向
,,M04.本能スピード ※Short ver.,
,,,山根綺､礒部花凜
,,M05.曲名不明(Go for it!),
,,,山根綺､今泉りおな､礒部花凜､佐藤日向
,,M06.Make debut! ※Short ver.,
,,,山根綺
,,M07.奇跡,
,,,佐藤日向
,,M08.SUNRISE,
,,,山根綺､今泉りおな
,,M09.Never Looking Back ※Short ver.,
,,,山根綺､礒部花凜､佐藤日向
,,M10.曲名不明(過去の弱さ),
,,,礒部花凜
,,M11.Happiness,
,,,山根綺､今泉りおな､礒部花凜､佐藤日向
,,M12.Find My Only Way ※Short ver.,
,,,山根綺､今泉りおな､礒部花凜､佐藤日向
,,M13.GIRLS' LEGEND U ※Short ver.,
,,,山根綺､今泉りおな､礒部花凜､佐藤日向
,,M14.Overrunner!,
,,,山根綺､今泉りおな､礒部花凜､佐藤日向
,,M15.うまぴょい伝説,
,,,山根綺､今泉りおな､礒部花凜､佐藤日向､稲村梓､門田奈菜
2023年02月12日,,,
,『ウマ娘 プリティーダービー』WINNING LIVE 09発売記念イベント@新宿住友ホール(東京・新宿区)【声出し禁止】,,
,,M01.KIRARI MAGIC SHOW,
,,,高柳知葉､衣川里佳､近藤唯､井上遥乃､稲垣好､菊池紗矢香､須藤叶希
,,M02.ラキハピファンタスティック,
,,,稲垣好
,,M03.けっぱれ！輝きストレート,
,,,菊池紗矢香
,,M04.悠々閑々,
,,,須藤叶希
,,M05.うまぴょい伝説,
,,,高柳知葉､衣川里佳､近藤唯､井上遥乃､稲垣好､菊池紗矢香､須藤叶希
,オダイバ!!超次元音楽祭－ヨコハマからハッピーバレンタインフェス2023－ 2日目@ぴあアリーナMM(神奈川・横浜西区),,
,,M01.Make debut!,
,,,上田瞳､前田玲奈､星谷美緒､新田ひより､佐伯伊織､真野美月､中村カンナ､春川芽生､松岡美里
,,M02.winning the soul ※Remix Ver.,
,,,上田瞳､前田玲奈､星谷美緒､新田ひより､佐伯伊織､真野美月､中村カンナ､春川芽生､松岡美里
,,M03.うまぴょい伝説,
,,,上田瞳､前田玲奈､星谷美緒､新田ひより､佐伯伊織､真野美月､中村カンナ､春川芽生､松岡美里
2023年04月02日,,,
,『ウマ娘 プリティーダービー』WINNING LIVE 10発売記念イベント@NEW PIER HALL(東京・港区),,
,,M01.Overrunner!,
,,,のぐちゆり､今泉りおな､礒部花凜､佐藤日向
,,M02.THE SUPER STRONG S,
,,,春川芽生
,,M03.Destroy for Dasein,
,,,松岡美里
,,M04.うまぴょい伝説,
,,,のぐちゆり､今泉りおな､春川芽生､松岡美里､礒部花凜､佐藤日向
2023年05月07日,,,
,『ウマ娘 プリティーダービー』WINNING LIVE 11 & アニメ『うまゆる』アルバム合同発売記念イベント@NEW PIER HALL(東京・港区),,
,,M01.DRAMATIC JOURNEY,
,,,木村千咲､橋本ちなみ､津田美波､天海由梨奈､青山吉能､中村カンナ､春川芽生
,,M02.ゆるパカHAPPY DAYS！,
,,,木村千咲､青山吉能､中村カンナ､春川芽生
,,M03.永遠の色彩,
,,,橋本ちなみ､津田美波､天海由梨奈
,,M04.うまぴょい伝説,
,,,木村千咲､橋本ちなみ､津田美波､天海由梨奈､青山吉能､中村カンナ､春川芽生
2023年07月15日,,,
,ウマ娘 プリティーダービー 5th EVENT ARENA TOUR GO BEYOND -WISH- Day1@ぴあアリーナMM(神奈川・横浜西区),,
,,M01.DRAMATIC JOURNEY,
,,,Machico､高柳知葉､大橋彩香､木村千咲､衣川里佳､鈴木みのり､橋本ちなみ､近藤唯､津田美波､優木かな､天海由梨奈､のぐちゆり､山根綺､矢野妃菜喜､今泉りおな､春川芽生､礒部花凜､佐藤日向､菊池紗矢香､須藤叶希､藤原夏海､吉咲みゆ
,,M02.Bright Melody,
,,,Machico､大橋彩香､鈴木みのり､橋本ちなみ､春川芽生
,,M03.Dance 2 Endless Beat,
,,,木村千咲､津田美波､天海由梨奈､今泉りおな､吉咲みゆ
,,M04.けっぱれ！輝きストレート,
,,,菊池紗矢香
,,M05.悠々閑々,
,,,須藤叶希
,,M06.手綱と絆,
,,,衣川里佳､近藤唯
,,M07.Make debut! ※Remix Ver.,
,,,高柳知葉､鈴木みのり､橋本ちなみ､優木かな､のぐちゆり､矢野妃菜喜､藤原夏海､吉咲みゆ
,,M08.本能スピード,
,,,山根綺､今泉りおな､礒部花凜､佐藤日向
,,M09.Fade to black,
,,,礒部花凜､佐藤日向
,,M10.SUNRISE,
,,,山根綺､今泉りおな､礒部花凜
,,M11.奇跡,
,,,佐藤日向
,,M12.Happiness,
,,,山根綺､今泉りおな､礒部花凜､佐藤日向
,,M13.Overrunner!,
,,,山根綺､今泉りおな､礒部花凜､佐藤日向
,,M14.GIRLS' LEGEND U,
,,,Machico､大橋彩香､木村千咲､優木かな､のぐちゆり､矢野妃菜喜､藤原夏海､吉咲みゆ
,,M15.UNLIMITED IMPACT,
,,,高柳知葉､菊池紗矢香､須藤叶希
,,M16.Air Race,
,,,津田美波
,,M17.THE SUPER STRONG S,
,,,春川芽生
,,M18.winning the soul ※GO BEYOND Mix Ver.,
,,,Machico､衣川里佳､津田美波､天海由梨奈
,,M19.NEXT FRONTIER,
,,,高柳知葉､木村千咲､衣川里佳､のぐちゆり､春川芽生
,,M20.Ms. VICTORIA,
,,,大橋彩香､鈴木みのり､優木かな､天海由梨奈､矢野妃菜喜､菊池紗矢香､須藤叶希､藤原夏海､吉咲みゆ
,,M21.Special Record!,
,,,Machico､衣川里佳､近藤唯､矢野妃菜喜､礒部花凜､佐藤日向
,,M22.We are DREAMERS!!,
,,,Machico､鈴木みのり､橋本ちなみ､津田美波､今泉りおな､春川芽生
,,M23.ユメヲカケル！,
,,,天海由梨奈､のぐちゆり､山根綺､菊池紗矢香､須藤叶希､藤原夏海
,,M24.永遠の色彩,
,,,高柳知葉､大橋彩香､木村千咲､橋本ちなみ､津田美波､優木かな
,,M25.Everlasting BEATS,
,,,Machico､高柳知葉､大橋彩香､木村千咲､衣川里佳､鈴木みのり､橋本ちなみ､近藤唯､津田美波､優木かな､天海由梨奈､のぐちゆり､山根綺､矢野妃菜喜､今泉りおな､春川芽生､礒部花凜､佐藤日向､菊池紗矢香､須藤叶希､藤原夏海､吉咲みゆ
,,M26.Gaze on Me!,
,,,Machico､高柳知葉､大橋彩香､木村千咲､衣川里佳､鈴木みのり､橋本ちなみ､近藤唯､津田美波､優木かな､天海由梨奈､のぐちゆり､山根綺､矢野妃菜喜､今泉りおな､春川芽生､礒部花凜､佐藤日向､菊池紗矢香､須藤叶希､藤原夏海､吉咲みゆ
,,M27.うまぴょい伝説,
,,,Machico､高柳知葉､大橋彩香､木村千咲､衣川里佳､鈴木みのり､橋本ちなみ､近藤唯､津田美波､優木かな､天海由梨奈､のぐちゆり､山根綺､矢野妃菜喜､今泉りおな､春川芽生､礒部花凜､佐藤日向､菊池紗矢香､須藤叶希､藤原夏海､吉咲みゆ､進藤尚美､佐藤聡美､斎賀みつき､明坂聡美､稲村梓､門田奈菜
2023年07月16日,,,
,ウマ娘 プリティーダービー 5th EVENT ARENA TOUR GO BEYOND -WISH- Day2@ぴあアリーナMM(神奈川・横浜西区),,
,,M01.DRAMATIC JOURNEY,
,,,Machico､木村千咲､徳井青空､石見舞菜香､上坂すみれ､咲々木瞳､天海由梨奈､和多田美咲､遠野ひかる､矢野妃菜喜､青山吉能､真野美月､中村カンナ､春川芽生､松岡美里､夏吉ゆうこ､稲垣好､菊池紗矢香､須藤叶希､藤原夏海､春日さくら､篠田みなみ
,,M02.ゆるパカHAPPY DAYS！,
,,,Machico､木村千咲､徳井青空､石見舞菜香､和多田美咲､遠野ひかる､青山吉能､真野美月､中村カンナ､春川芽生､松岡美里
,,M03.Make debut!,
,,,天海由梨奈､夏吉ゆうこ､菊池紗矢香､須藤叶希､藤原夏海､春日さくら､篠田みなみ
,,M04.Play Again,
,,,青山吉能
,,M05.ラキハピファンタスティック,
,,,稲垣好
,,M06.Destroy for Dasein,
,,,松岡美里
,,M07.Hat on your Head!,
,,,石見舞菜香､天海由梨奈､遠野ひかる､夏吉ゆうこ､菊池紗矢香
,,M08.Never Looking Back,
,,,木村千咲､和多田美咲､矢野妃菜喜､青山吉能､真野美月､春川芽生､藤原夏海､春日さくら､篠田みなみ
,,M09.ライトレス,
,,,上坂すみれ
,,M10.ミッドナイト・エピローグ,
,,,Machico､木村千咲､石見舞菜香､和多田美咲､矢野妃菜喜､真野美月､春日さくら､篠田みなみ
,,M11.KIRARI MAGIC SHOW,
,,,稲垣好､菊池紗矢香､須藤叶希
,,M12.Glorious Moment！,
,,,徳井青空､咲々木瞳､中村カンナ
,,M13.ゼッタイトナリ…！,
,,,和多田美咲
,,M14.Forever gold,
,,,徳井青空
,,M15.Like a Shooting Star,
,,,咲々木瞳
,,"M16.ONCE MORE, I CAN",
,,,中村カンナ
,,M17.イチバン星が駆ける空,
,,,徳井青空､咲々木瞳､中村カンナ
,,M18.Special Record!,
,,,Machico､徳井青空､石見舞菜香､和多田美咲､遠野ひかる､矢野妃菜喜
,,M19.BLOW my GALE,
,,,春川芽生､松岡美里､稲垣好､菊池紗矢香､須藤叶希､春日さくら､篠田みなみ
,,M20.Ms. VICTORIA,
,,,木村千咲､咲々木瞳､青山吉能､真野美月､中村カンナ､夏吉ゆうこ､稲垣好､菊池紗矢香､須藤叶希
,,M21.winning the soul,
,,,天海由梨奈､藤原夏海
,,M22.ユメヲカケル！ ※Symphonic Ver.,
,,,Machico､天海由梨奈､遠野ひかる､矢野妃菜喜､春川芽生､松岡美里､夏吉ゆうこ､藤原夏海
,,M23.Everlasting BEATS,
,,,Machico､木村千咲､徳井青空､石見舞菜香､上坂すみれ､咲々木瞳､天海由梨奈､和多田美咲､遠野ひかる､矢野妃菜喜､青山吉能､真野美月､中村カンナ､春川芽生､松岡美里､夏吉ゆうこ､稲垣好､菊池紗矢香､須藤叶希､藤原夏海､春日さくら､篠田みなみ
,,M24.Gaze on Me!,
,,,Machico､木村千咲､徳井青空､石見舞菜香､上坂すみれ､咲々木瞳､天海由梨奈､和多田美咲､遠野ひかる､矢野妃菜喜､青山吉能､真野美月､中村カンナ､春川芽生､松岡美里､夏吉ゆうこ､稲垣好､菊池紗矢香､須藤叶希､藤原夏海､春日さくら､篠田みなみ
,,M25.うまぴょい伝説,
,,,Machico､木村千咲､徳井青空､石見舞菜香､上坂すみれ､咲々木瞳､天海由梨奈､和多田美咲､遠野ひかる､矢野妃菜喜､青山吉能､真野美月､中村カンナ､春川芽生､松岡美里､夏吉ゆうこ､稲垣好､菊池紗矢香､須藤叶希､藤原夏海､春日さくら､篠田みなみ､明坂聡美､土田大､本泉莉奈
2023年08月13日,,,
,アニメ「ウマ娘 プリティーダービー ROAD TO THE TOP」アルバム発売記念イベント@新宿住友ホール(東京・新宿区),,
,,M01.うまぴょい伝説,
,,,徳井青空､咲々木瞳､和多田美咲､中村カンナ､土田大
,,M02.Forever gold,
,,,徳井青空
,,M03.ゼッタイトナリ…！,
,,,和多田美咲
,,"M04.ONCE MORE, I CAN",
,,,中村カンナ
,,M05.Like a Shooting Star,
,,,咲々木瞳
,,M06.Glorious Moment！,
,,,徳井青空､咲々木瞳､中村カンナ
2023年09月16日,,,
,ウマ娘 プリティーダービー 5th EVENT ARENA TOUR GO BEYOND -GAZE- Day1@ポートメッセなごや 第1展示館(愛知・名古屋港区),,
,,M01.DRAMATIC JOURNEY,
,,,和氣あず未､Machico､高柳知葉､大橋彩香､木村千咲､前田玲奈､髙橋ミナミ､衣川里佳､星谷美緒､長谷川育美､石見舞菜香､井上遥乃､前田佳織里､佐伯伊織､遠野ひかる､田澤茉純､花井美春､立花日菜､矢野妃菜喜､日原あゆみ､真野美月､篠田みなみ
,,M02.NEXT FRONTIER,
,,,和氣あず未､高柳知葉､前田玲奈､髙橋ミナミ､井上遥乃､日原あゆみ
,,M03.ユースフルアイズ,
,,,衣川里佳､星谷美緒､真野美月
,,M04.winning the soul,
,,,和氣あず未､Machico､長谷川育美､石見舞菜香､前田佳織里､佐伯伊織
,,M05.彩 Phantasia,
,,,大橋彩香､木村千咲､田澤茉純
,,M06.本能スピード,
,,,高柳知葉､前田佳織里､佐伯伊織､遠野ひかる
,,M07.L'Arc de gloire,
,,,髙橋ミナミ､立花日菜､矢野妃菜喜､真野美月､篠田みなみ､櫻庭有紗
,,M08.RUN×RUN！,
,,,木村千咲､衣川里佳､星谷美緒､長谷川育美､石見舞菜香､井上遥乃､佐伯伊織､日原あゆみ
,,M09.DANCE！DANCE！“ROMAN”,
,,,篠田みなみ
,,M10.願いのカタチ,
,,,Machico､石見舞菜香､花井美春
,,M11.TAILWIND,
,,,遠野ひかる
,,M12.Excellent Condition,
,,,田澤茉純
,,M13.▷▷▷▶ぶっとび かっとび 全開エンジン！,
,,,花井美春
,,M14.ユメヲカケル！,
,,,Machico､長谷川育美､石見舞菜香､前田佳織里､遠野ひかる､田澤茉純､花井美春
,,M15.トレセン音頭 ※どんどこみっくす,
,,,和氣あず未､Machico､高柳知葉､大橋彩香､木村千咲､前田玲奈､髙橋ミナミ､衣川里佳､星谷美緒､長谷川育美､石見舞菜香､井上遥乃､前田佳織里､佐伯伊織､遠野ひかる､田澤茉純､花井美春､立花日菜､矢野妃菜喜､日原あゆみ､真野美月､篠田みなみ
,,M16.トレセン音頭 ※どんどこみっくす,
,,,和氣あず未､Machico､高柳知葉､大橋彩香､木村千咲､前田玲奈､髙橋ミナミ､衣川里佳､星谷美緒､長谷川育美､石見舞菜香､井上遥乃､前田佳織里､佐伯伊織､遠野ひかる､田澤茉純､花井美春､立花日菜､矢野妃菜喜､日原あゆみ､真野美月､篠田みなみ
,,M17.トレセン音頭 ※どんどこみっくす,
,,,和氣あず未､Machico､高柳知葉､大橋彩香､木村千咲､前田玲奈､髙橋ミナミ､衣川里佳､星谷美緒､長谷川育美､石見舞菜香､井上遥乃､前田佳織里､佐伯伊織､遠野ひかる､田澤茉純､花井美春､立花日菜､矢野妃菜喜､日原あゆみ､真野美月､篠田みなみ
,,M18.トレセン音頭 ※どんどこみっくす,
,,,和氣あず未､Machico､高柳知葉､大橋彩香､木村千咲､前田玲奈､髙橋ミナミ､衣川里佳､星谷美緒､長谷川育美､石見舞菜香､井上遥乃､前田佳織里､佐伯伊織､遠野ひかる､田澤茉純､花井美春､立花日菜､矢野妃菜喜､日原あゆみ､真野美月､篠田みなみ
,,M19.走れウマ娘 ※どんどこみっくす,
,,,和氣あず未､Machico､高柳知葉､大橋彩香､木村千咲､前田玲奈､髙橋ミナミ､衣川里佳､星谷美緒､長谷川育美､石見舞菜香､井上遥乃､前田佳織里､佐伯伊織､遠野ひかる､田澤茉純､花井美春､立花日菜､矢野妃菜喜､日原あゆみ､真野美月､篠田みなみ
,,M20.Dance 2 Endless Beat,
,,,木村千咲､長谷川育美､石見舞菜香､前田佳織里､花井美春
,,M21.Gaze on Me!,
,,,衣川里佳､星谷美緒､長谷川育美､井上遥乃､立花日菜､矢野妃菜喜､日原あゆみ､真野美月､篠田みなみ
,,M22.Go This Way,
,,,和氣あず未､Machico､大橋彩香､木村千咲､髙橋ミナミ､前田佳織里､立花日菜､矢野妃菜喜
,,M23.Secret GRADUATION,
,,,前田玲奈
,,M24.We are DREAMERS!!,
,,,高柳知葉､大橋彩香､木村千咲､衣川里佳､星谷美緒､井上遥乃､日原あゆみ､真野美月
,,M25.Make debut! ※Beyond The Dreams Ver.,
,,,和氣あず未､前田玲奈､髙橋ミナミ､佐伯伊織
,,M26.笑顔の宝物 -Beyond The Future!-,
,,,和氣あず未､Machico､高柳知葉､大橋彩香､木村千咲､前田玲奈､髙橋ミナミ､衣川里佳､星谷美緒､長谷川育美､石見舞菜香､井上遥乃､前田佳織里､佐伯伊織､遠野ひかる､田澤茉純､花井美春､立花日菜､矢野妃菜喜､日原あゆみ､真野美月､篠田みなみ
,,M27.Comeback Story V,
,,,和氣あず未､Machico､高柳知葉､大橋彩香､木村千咲､前田玲奈､髙橋ミナミ､衣川里佳､星谷美緒､長谷川育美､石見舞菜香､井上遥乃､前田佳織里､佐伯伊織､遠野ひかる､田澤茉純､花井美春､立花日菜､矢野妃菜喜､日原あゆみ､真野美月､篠田みなみ
,,M28.うまぴょい伝説 ※どんどこみっくす,
,,,和氣あず未､Machico､高柳知葉､大橋彩香､木村千咲､前田玲奈､髙橋ミナミ､衣川里佳､星谷美緒､長谷川育美､石見舞菜香､井上遥乃､前田佳織里､佐伯伊織､遠野ひかる､田澤茉純､花井美春､立花日菜､矢野妃菜喜､日原あゆみ､真野美月､篠田みなみ､明坂聡美､櫻庭有紗
2023年09月17日,,,
,ウマ娘 プリティーダービー 5th EVENT ARENA TOUR GO BEYOND -GAZE- Day2@ポートメッセなごや 第1展示館(愛知・名古屋港区),,
,,M01.DRAMATIC JOURNEY,
,,,Machico､高柳知葉､上田瞳､前田玲奈､髙橋ミナミ､篠原侑､香坂さき､大和田仁美､鈴木絵理､下地紫野､首藤志奈､前田佳織里､遠野ひかる､田澤茉純､のぐちゆり､山根綺､花井美春､立花日菜､矢野妃菜喜､鈴代紗弓､白石晴香､篠田みなみ
,,M02.グロウアップ・シャイン！,
,,,篠原侑､香坂さき､鈴木絵理､下地紫野､前田佳織里､遠野ひかる､田澤茉純､鈴代紗弓
,,M03.ENDLESS DREAM!!,
,,,前田玲奈､髙橋ミナミ､香坂さき､鈴木絵理､田澤茉純､花井美春､鈴代紗弓､白石晴香
,,M04.今日もウララかケセラセラ！,
,,,首藤志奈
,,M05.素顔のココロ,
,,,香坂さき
,,M06.立ち位置ゼロ番！順位は一番！,
,,,高柳知葉､篠原侑､大和田仁美
,,M07.Gaze on Me!,
,,,香坂さき､鈴木絵理､首藤志奈､立花日菜､矢野妃菜喜､鈴代紗弓､白石晴香､篠田みなみ
,,M08.L'Arc de gloire,
,,,上田瞳､髙橋ミナミ､下地紫野､立花日菜､矢野妃菜喜､ファイルーズあい､白石晴香､篠田みなみ
,,M09.GALACTIC PLAYER,
,,,ファイルーズあい
,,M10.You know me,
,,,下地紫野
,,M11.UNLIMITED IMPACT ※Remix Ver.,
,,,高柳知葉､大和田仁美､首藤志奈､のぐちゆり､山根綺
,,M12.恋はダービー☆ ※Remix Ver.,
,,,Machico､上田瞳､香坂さき､のぐちゆり､山根綺
,,M13.逃げ切りっ！Fallin' Love ※Remix Ver.,
,,,大和田仁美､のぐちゆり､山根綺､花井美春､矢野妃菜喜､篠田みなみ
,,M14.本能スピード,
,,,高柳知葉､篠原侑､前田佳織里､遠野ひかる､山根綺
,,M15.Never Looking Back,
,,,前田玲奈､篠原侑､大和田仁美､下地紫野､首藤志奈､のぐちゆり､鈴代紗弓､篠田みなみ
,,M16.winning the soul,
,,,Machico､上田瞳､白石晴香
,,M17.トレセン音頭 ※どんどこみっくす,
,,,Machico､高柳知葉､上田瞳､前田玲奈､髙橋ミナミ､篠原侑､香坂さき､大和田仁美､鈴木絵理､下地紫野､首藤志奈､前田佳織里､遠野ひかる､田澤茉純､のぐちゆり､山根綺､花井美春､立花日菜､矢野妃菜喜､鈴代紗弓､白石晴香､篠田みなみ
,,M18.トレセン音頭 ※どんどこみっくす,
,,,Machico､高柳知葉､上田瞳､前田玲奈､髙橋ミナミ､篠原侑､香坂さき､大和田仁美､鈴木絵理､下地紫野､首藤志奈､前田佳織里､遠野ひかる､田澤茉純､のぐちゆり､山根綺､花井美春､立花日菜､矢野妃菜喜､鈴代紗弓､白石晴香､篠田みなみ
,,M19.トレセン音頭 ※どんどこみっくす,
,,,Machico､高柳知葉､上田瞳､前田玲奈､髙橋ミナミ､篠原侑､香坂さき､大和田仁美､鈴木絵理､下地紫野､首藤志奈､前田佳織里､遠野ひかる､田澤茉純､のぐちゆり､山根綺､花井美春､立花日菜､矢野妃菜喜､鈴代紗弓､白石晴香､篠田みなみ
,,M20.トレセン音頭 ※どんどこみっくす,
,,,Machico､高柳知葉､上田瞳､前田玲奈､髙橋ミナミ､篠原侑､香坂さき､大和田仁美､鈴木絵理､下地紫野､首藤志奈､前田佳織里､遠野ひかる､田澤茉純､のぐちゆり､山根綺､花井美春､立花日菜､矢野妃菜喜､鈴代紗弓､白石晴香､篠田みなみ
,,M21.走れウマ娘 ※どんどこみっくす,
,,,Machico､高柳知葉､上田瞳､前田玲奈､髙橋ミナミ､篠原侑､香坂さき､大和田仁美､鈴木絵理､下地紫野､首藤志奈､前田佳織里､遠野ひかる､田澤茉純､のぐちゆり､山根綺､花井美春､立花日菜､矢野妃菜喜､鈴代紗弓､白石晴香､篠田みなみ
,,M22.Dance 2 Endless Beat,
,,,篠原侑､大和田仁美､下地紫野､首藤志奈､花井美春
,,M23.GSK☆,
,,,香坂さき､鈴木絵理､のぐちゆり､山根綺
,,M24.Go This Way,
,,,Machico､上田瞳､前田玲奈､髙橋ミナミ､鈴木絵理､前田佳織里､立花日菜､矢野妃菜喜
,,M25.Find My Only Way,
,,,高柳知葉､前田玲奈､髙橋ミナミ､遠野ひかる､田澤茉純､花井美春
,,M26.ユメヲカケル！ ※Symphonic Ver.,
,,,Machico､前田佳織里､遠野ひかる､田澤茉純､のぐちゆり､山根綺､花井美春
,,M27.Ambitious World ※Beyond The Promise Ver.,
,,,立花日菜､矢野妃菜喜
,,M28.笑顔の宝物 -Beyond The Future!-,
,,,Machico､高柳知葉､上田瞳､前田玲奈､髙橋ミナミ､篠原侑､香坂さき､大和田仁美､鈴木絵理､下地紫野､首藤志奈､前田佳織里､遠野ひかる､田澤茉純､のぐちゆり､山根綺､花井美春､立花日菜､矢野妃菜喜､鈴代紗弓､白石晴香､篠田みなみ
,,M29.Comeback Story V,
,,,Machico､高柳知葉､上田瞳､前田玲奈､髙橋ミナミ､篠原侑､香坂さき､大和田仁美､鈴木絵理､下地紫野､首藤志奈､前田佳織里､遠野ひかる､田澤茉純､のぐちゆり､山根綺､花井美春､立花日菜､矢野妃菜喜､鈴代紗弓､白石晴香､篠田みなみ
,,M30.winning the soul,
,,,Machico､上田瞳､白石晴香
,,M31.うまぴょい伝説 ※どんどこみっくす,
,,,Machico､高柳知葉､上田瞳､前田玲奈､髙橋ミナミ､篠原侑､香坂さき､大和田仁美､鈴木絵理､下地紫野､首藤志奈､前田佳織里､遠野ひかる､田澤茉純､のぐちゆり､山根綺､花井美春､立花日菜､矢野妃菜喜､ファイルーズあい､鈴代紗弓､白石晴香､篠田みなみ､藤井ゆきよ､明坂聡美
2023年11月05日,,,
,『ウマ娘 プリティーダービー』WINNING LIVE 13&14合同発売記念イベント@NEW PIER HALL(東京・港区),,
,,M01.▷▷▷▶ぶっとび かっとび 全開エンジン！,
,,,花井美春
,,M02.DANCE！DANCE！“ROMAN”,
,,,篠田みなみ
,,M03.TAILWIND,
,,,遠野ひかる
,,M04.Excellent Condition,
,,,田澤茉純
,,M05.You know me,
,,,下地紫野
,,M06.L'Arc de gloire,
,,,上田瞳､下地紫野､遠野ひかる､田澤茉純､花井美春､篠田みなみ
,,M07.うまぴょい伝説,
,,,上田瞳､下地紫野､遠野ひかる､田澤茉純､花井美春､篠田みなみ
2023年11月18日,,,
,ANIMAX MUSIX 2023@横浜アリーナ(神奈川・横浜港北区),,
,,M01.トレセン音頭,
,,,Machico､大橋彩香､天海由梨奈､遠野ひかる､矢野妃菜喜､春川芽生､藤原夏海
,,M02.ソシテミンナノ,
,,,Machico､大橋彩香､天海由梨奈､遠野ひかる､矢野妃菜喜､春川芽生､藤原夏海
,,M03.Ms. VICTORIA,
,,,Machico､大橋彩香､天海由梨奈､遠野ひかる､矢野妃菜喜､春川芽生､藤原夏海
,,M04.うまぴょい伝説,
,,,Machico､大橋彩香､天海由梨奈､遠野ひかる､矢野妃菜喜､春川芽生､藤原夏海､伊藤美来
,,M05.イマジネーション,
,,,Machico､大橋彩香､天海由梨奈､遠野ひかる､矢野妃菜喜､春川芽生､藤原夏海､伊藤美来､上坂すみれ､東山奈央､羊宮妃那､他出演キャスト全員
2023年12月06日,,,
,2023 FNS歌謡祭 第1夜@FCGビル(東京・港区)【無観客】,,
,,M01.うまぴょい伝説 ※Short ver.,
,,,和氣あず未､大橋彩香､山根綺､立花日菜､矢野妃菜喜､春川芽生
2023年12月31日,,,
,第7回 ももいろ歌合戦 2023→2024@横浜アリーナ(神奈川・横浜港北区),,
,,M01.トレセン音頭 ※Long ver.,
,,,Machico､星谷美緒､鈴木絵理､遠野ひかる､矢野妃菜喜､日原あゆみ､真野美月､礒部花凜､夏吉ゆうこ､秋奈
,,M02.三百六十五歩のマーチ,
,,,Machico､星谷美緒､鈴木絵理､遠野ひかる､矢野妃菜喜､日原あゆみ､真野美月､礒部花凜､夏吉ゆうこ､秋奈､他出演キャスト全員
2024年02月03日,,,
,ウマ娘 プリティーダービー 5th EVENT ARENA TOUR GO BEYOND -YELL- Day1@有明アリーナ(東京・江東区),,
,,M01.Comeback Story V,
,,,和氣あず未､Machico､高柳知葉､田所あずさ､長谷川育美､石見舞菜香､井上遥乃､優木かな､天海由梨奈､前田佳織里､遠野ひかる､田澤茉純､立花日菜､矢野妃菜喜､春川芽生､鈴代紗弓､夏吉ゆうこ､奥野香耶､伊藤彩沙､菊池紗矢香､MAKIKO､田辺留依､藤原夏海､秋奈
,,M02.Make debut!,
,,,奥野香耶､伊藤彩沙､MAKIKO､田辺留依､秋奈
,,M03.WINnin' 5 -ウイニング☆ファイヴ-,
,,,高柳知葉､長谷川育美､石見舞菜香､井上遥乃､優木かな､天海由梨奈､前田佳織里､遠野ひかる､田澤茉純､藤原夏海
,,M04.Bright Melody,
,,,Machico､田所あずさ､春川芽生､奥野香耶､伊藤彩沙
,,M05.Dance 2 Endless Beat,
,,,和氣あず未､長谷川育美､石見舞菜香､前田佳織里､田澤茉純､菊池紗矢香､藤原夏海､秋奈
,,M06.ゆるパカHAPPY DAYS！,
,,,前田佳織里､田澤茉純､春川芽生､MAKIKO､田辺留依
,,M07.Hat on your Head!,
,,,石見舞菜香､天海由梨奈､遠野ひかる､夏吉ゆうこ､奥野香耶､伊藤彩沙､菊池紗矢香
,,M08.NEXT FRONTIER,
,,,高柳知葉､井上遥乃､優木かな
,,M09.winning the soul ※GO BEYOND Mix Ver.,
,,,Machico､田所あずさ､長谷川育美､天海由梨奈､秋奈
,,M10.Ms. VICTORIA,
,,,高柳知葉､井上遥乃､優木かな､鈴代紗弓､夏吉ゆうこ､奥野香耶､菊池紗矢香､MAKIKO､田辺留依
,,M11.BLOW my GALE,
,,,田所あずさ､天海由梨奈､藤原夏海
,,M12.Everlasting BEATS,
,,,Machico､田所あずさ
,,M13.永遠の色彩,
,,,和氣あず未､高柳知葉､井上遥乃､優木かな､遠野ひかる
,,M14.Find My Only Way,
,,,長谷川育美､石見舞菜香､天海由梨奈､立花日菜､春川芽生､鈴代紗弓､藤原夏海
,,M15.大好きのタカラバコ,
,,,和氣あず未､Machico､高柳知葉､田所あずさ､井上遥乃､優木かな､前田佳織里
,,M16.アコガレ Challenge Dash!!,
,,,和氣あず未､Machico､立花日菜､矢野妃菜喜
,,M17.ロストシャイン,
,,,矢野妃菜喜
,,M18.夢のこたえ,
,,,立花日菜
,,M19.Confident,
,,,鈴代紗弓
,,M20.光の後ろ姿,
,,,夏吉ゆうこ
,,M21.空のほほえみ方,
,,,矢野妃菜喜
,,M22.ソシテミンナノ,
,,,立花日菜､矢野妃菜喜､鈴代紗弓､夏吉ゆうこ､MAKIKO､秋奈
,,M23.DRAMATIC JOURNEY,
,,,和氣あず未､Machico､高柳知葉､田所あずさ､長谷川育美､石見舞菜香､井上遥乃､優木かな､天海由梨奈､前田佳織里､遠野ひかる､田澤茉純､立花日菜､矢野妃菜喜､春川芽生､鈴代紗弓､夏吉ゆうこ､奥野香耶､伊藤彩沙､菊池紗矢香､MAKIKO､田辺留依､藤原夏海､秋奈
,,M24.トレセン音頭,
,,,和氣あず未､Machico､高柳知葉､田所あずさ､長谷川育美､石見舞菜香､井上遥乃､優木かな､天海由梨奈､前田佳織里､遠野ひかる､田澤茉純､立花日菜､矢野妃菜喜､春川芽生､鈴代紗弓､夏吉ゆうこ､奥野香耶､伊藤彩沙､菊池紗矢香､MAKIKO､田辺留依､藤原夏海､秋奈
,,M25.うまぴょい伝説,
,,,和氣あず未､Machico､高柳知葉､田所あずさ､長谷川育美､石見舞菜香､井上遥乃､優木かな､天海由梨奈､前田佳織里､遠野ひかる､田澤茉純､立花日菜､矢野妃菜喜､春川芽生､鈴代紗弓､夏吉ゆうこ､奥野香耶､伊藤彩沙､菊池紗矢香､MAKIKO､田辺留依､藤原夏海､秋奈､水橋かおり､明坂聡美
2024年02月04日,,,
,ウマ娘 プリティーダービー 5th EVENT ARENA TOUR GO BEYOND -YELL- Day2@有明アリーナ(東京・江東区),,
,,M01.Comeback Story V,
,,,和氣あず未､Machico､上田瞳､髙橋ミナミ､徳井青空､長谷川育美､石見舞菜香､咲々木瞳､前田佳織里､佐伯伊織､山根綺､立花日菜､矢野妃菜喜､真野美月､中村カンナ､今泉りおな､井上ほの花､鈴代紗弓､夏吉ゆうこ､奥野香耶､藤本侑里､MAKIKO､田辺留依､秋奈
,,M02.Ms. VICTORIA,
,,,佐伯伊織､山根綺､真野美月､鈴代紗弓､夏吉ゆうこ､奥野香耶､藤本侑里､MAKIKO､田辺留依
,,M03.世界は僕らの言いなりさ,
,,,上田瞳､髙橋ミナミ､徳井青空
,,M04.winning the soul,
,,,矢野妃菜喜､鈴代紗弓､秋奈
,,M05.本能スピード,
,,,長谷川育美､石見舞菜香､前田佳織里､佐伯伊織､今泉りおな､井上ほの花
,,M06.L'Arc de gloire,
,,,上田瞳､髙橋ミナミ､立花日菜､矢野妃菜喜､真野美月､秋奈
,,M07.ミッドナイト・エピローグ ※Remix Ver.,
,,,山根綺､真野美月､今泉りおな､井上ほの花､夏吉ゆうこ､奥野香耶､田辺留依
,,M08.LIKE THE WIND ※Remix Ver.,
,,,山根綺､今泉りおな
,,M09.アウト・オブ・トライアングル ※Remix Ver.,
,,,前田佳織里､山根綺､今泉りおな､MAKIKO､田辺留依
,,M10.帝笑歌劇～讃えよ永久に～ ※Remix Ver.,
,,,徳井青空､咲々木瞳､山根綺､中村カンナ､今泉りおな､藤本侑里
,,M11.Precious Star Dreamer,
,,,和氣あず未､高野麻里佳
,,M12.Go This Way,
,,,Machico､髙橋ミナミ､前田佳織里､佐伯伊織､立花日菜､矢野妃菜喜､鈴代紗弓､秋奈
,,M13.Special Record!,
,,,徳井青空､咲々木瞳､中村カンナ､夏吉ゆうこ､奥野香耶､藤本侑里
,,M14.We are DREAMERS!!,
,,,長谷川育美､石見舞菜香､山根綺､今泉りおな､MAKIKO､田辺留依
,,M15.Make debut! ※Beyond The Dreams Ver.,
,,,和氣あず未､髙橋ミナミ､佐伯伊織
,,M16.ユメヲカケル！,
,,,Machico､長谷川育美､石見舞菜香､前田佳織里
,,M17.GIRLS' LEGEND U,
,,,真野美月､奥野香耶､藤本侑里､MAKIKO､田辺留依､秋奈
,,M18.Overrunner!,
,,,髙橋ミナミ､山根綺､今泉りおな､井上ほの花
,,M19.Glorious Moment！,
,,,徳井青空､咲々木瞳､中村カンナ
,,M20.ソシテミンナノ,
,,,上田瞳､立花日菜､矢野妃菜喜､鈴代紗弓､夏吉ゆうこ､MAKIKO､秋奈
,,M21.DRAMATIC JOURNEY,
,,,和氣あず未､Machico､上田瞳､髙橋ミナミ､徳井青空､長谷川育美､石見舞菜香､咲々木瞳､前田佳織里､佐伯伊織､山根綺､立花日菜､矢野妃菜喜､真野美月､中村カンナ､今泉りおな､井上ほの花､鈴代紗弓､夏吉ゆうこ､奥野香耶､藤本侑里､MAKIKO､田辺留依､秋奈
,,M22.イチバン星が駆ける空,
,,,徳井青空､咲々木瞳､中村カンナ
,,M23.グロウアップ・シャイン！,
,,,和氣あず未､上田瞳､真野美月､井上ほの花､藤本侑里
,,M24.木漏れ日のエール,
,,,Machico､長谷川育美､石見舞菜香､前田佳織里
,,M25.アコガレ Challenge Dash!!,
,,,和氣あず未､高野麻里佳､Machico､上田瞳､立花日菜､矢野妃菜喜
,,M26.トレセン音頭,
,,,和氣あず未､高野麻里佳､Machico､上田瞳､髙橋ミナミ､徳井青空､長谷川育美､石見舞菜香､咲々木瞳､前田佳織里､佐伯伊織､山根綺､立花日菜､矢野妃菜喜､真野美月､中村カンナ､今泉りおな､井上ほの花､鈴代紗弓､夏吉ゆうこ､奥野香耶､藤本侑里､MAKIKO､田辺留依､秋奈
,,M27.うまぴょい伝説,
,,,和氣あず未､高野麻里佳､Machico､上田瞳､髙橋ミナミ､徳井青空､長谷川育美､石見舞菜香､咲々木瞳､前田佳織里､佐伯伊織､山根綺､立花日菜､矢野妃菜喜､真野美月､中村カンナ､今泉りおな､井上ほの花､鈴代紗弓､夏吉ゆうこ､奥野香耶､藤本侑里､MAKIKO､田辺留依､秋奈､明坂聡美､沖野晃司､土田大
2024年02月18日,,,
,TVアニメ『ウマ娘 プリティーダービー Season 3』ANIMATION DERBY Season 3 vol.1「ソシテミンナノ」＆ANIMATION DERBY Season 3 vol.2「アコガレChallenge Dash!!」合同リリースイベント@NEW PIER HALL(東京・港区),,
,,M01.ソシテミンナノ,
,,,立花日菜､矢野妃菜喜､鈴代紗弓､奥野香耶､MAKIKO､秋奈
,,M02.空のほほえみ方,
,,,矢野妃菜喜
,,M03.夢のこたえ,
,,,立花日菜
,,M04.アコガレ Challenge Dash!!,
,,,立花日菜､矢野妃菜喜､鈴代紗弓､奥野香耶､MAKIKO､秋奈
,,M05.うまぴょい伝説,
,,,立花日菜､矢野妃菜喜､鈴代紗弓､奥野香耶､MAKIKO､秋奈
2024年02月25日,,,
,オダイバ!!超次元音楽祭 フユフェス2024 Day2@ぴあアリーナMM(神奈川・横浜西区),,
,,M01.ソシテミンナノ,
,,,和氣あず未､咲々木瞳､立花日菜､矢野妃菜喜､中村カンナ､MAKIKO､秋奈
,,M02.U.M.A. NEW WORLD!!,
,,,和氣あず未､咲々木瞳､立花日菜､矢野妃菜喜､中村カンナ､MAKIKO､秋奈
,,M03.Glorious Moment！,
,,,咲々木瞳､中村カンナ､秋奈
,,M04.アコガレ Challenge Dash!!,
,,,和氣あず未､立花日菜､矢野妃菜喜､MAKIKO
,,M05.うまぴょい伝説,
,,,和氣あず未､咲々木瞳､立花日菜､矢野妃菜喜､中村カンナ､MAKIKO､秋奈
2024年03月16日,,,
,Venue101@NHKホール(東京・渋谷区)【無観客】,,
,,M01.U.M.A. NEW WORLD!! ※Short ver.,
,,,和氣あず未､Machico､Lynn､前田佳織里､遠野ひかる､山根綺､秋奈
2024年03月22日,,,
,ウマ娘 プリティーダービー 5th EVENT ARENA TOUR GO BEYOND -NEW GATE- Day1@大阪城ホール(大阪・中央区),,
,,M01.Comeback Story V,
,,,Machico､大橋彩香､木村千咲､髙橋ミナミ､小倉唯､渡部優衣､鈴木絵理､新田ひより､天海由梨奈､遠野ひかる､立花日菜､矢野妃菜喜､中村カンナ､春川芽生､松岡美里､奥野香耶､藤本侑里､宮下早紀､菊池紗矢香､須藤叶希､MAKIKO､篠田みなみ､秋奈､小島菜々恵､佐藤榛夏､希水しお
,,M02.GIRLS' LEGEND U ※The Infinite Ver.,
,,,大橋彩香､髙橋ミナミ､渡部優衣､鈴木絵理､天海由梨奈､遠野ひかる､松岡美里､藤本侑里､宮下早紀､MAKIKO､小島菜々恵､佐藤榛夏､希水しお
,,M03.EXCEED,
,,,秋奈
,,M04.CATCH THE VICTORY! ※The Glory Revision,
,,,大橋彩香､松岡美里
,,M05.WINNING MELODY ※The Vivid Revision,
,,,渡部優衣
,,M06.Lucky Comes True! ※運 or むん(MIX),
,,,新田ひより
,,M07.TAILWIND ※運 or むん(MIX),
,,,遠野ひかる
,,M08.Dance 2 Endless Beat,
,,,髙橋ミナミ､鈴木絵理､中村カンナ､春川芽生､奥野香耶､菊池紗矢香
,,M09.アコガレ Challenge Dash!!,
,,,Machico､大橋彩香､木村千咲､立花日菜､矢野妃菜喜
,,M10.Destroy for Dasein ※Do or Die(MIX),
,,,春川芽生
,,M11.THE SUPER STRONG S ※Do or Die(MIX),
,,,松岡美里
,,M12.Ms. VICTORIA ※The Legends Ver.,
,,,髙橋ミナミ､天海由梨奈､遠野ひかる､奥野香耶､宮下早紀､菊池紗矢香､須藤叶希､MAKIKO､篠田みなみ
,,M13.NEXT FRONTIER,
,,,大橋彩香､木村千咲
,,M14.UNLIMITED IMPACT,
,,,菊池紗矢香､須藤叶希
,,M15.BLOW my GALE ※Blasting The Noise Ver.,
,,,春川芽生､篠田みなみ
,,M16.winning the soul ※High-voltage Ver.,
,,,小倉唯､新田ひより､天海由梨奈､立花日菜､矢野妃菜喜､中村カンナ
,,M17.彩 Phantasia,
,,,大橋彩香､木村千咲､奥野香耶､宮下早紀､小島菜々恵､佐藤榛夏､希水しお
,,M18.Unite!!,
,,,宮下早紀､小島菜々恵､佐藤榛夏､希水しお
,,M19.Gaze on Me!,
,,,木村千咲､髙橋ミナミ､鈴木絵理､天海由梨奈､奥野香耶､藤本侑里､菊池紗矢香､須藤叶希
,,M20.ミッドナイト・エピローグ,
,,,Machico､渡部優衣､新田ひより､遠野ひかる､中村カンナ､MAKIKO
,,M21.永遠の色彩,
,,,Machico､渡部優衣､新田ひより､遠野ひかる､中村カンナ､MAKIKO
,,M22.Everlasting BEATS,
,,,大橋彩香､鈴木絵理､松岡美里､藤本侑里
,,M23.L'Arc de gloire,
,,,髙橋ミナミ､小倉唯､立花日菜､矢野妃菜喜､篠田みなみ､秋奈
,,M24.Ambitious World ※Beyond The Promise Ver.,
,,,立花日菜､矢野妃菜喜
,,M25.ソシテミンナノ ※Breaking The Limit Ver.,
,,,立花日菜､矢野妃菜喜､MAKIKO､秋奈
,,M26.DRAMATIC JOURNEY,
,,,Machico､渡部優衣､新田ひより､春川芽生､松岡美里､藤本侑里､宮下早紀､小島菜々恵､佐藤榛夏､希水しお
,,M27.爆熱マイソウル,
,,,渡部優衣､鈴木絵理､中村カンナ､須藤叶希､秋奈
,,M28.U.M.A. NEW WORLD!!,
,,,Machico､大橋彩香､木村千咲､髙橋ミナミ､小倉唯､渡部優衣､鈴木絵理､新田ひより､天海由梨奈､遠野ひかる､立花日菜､矢野妃菜喜､中村カンナ､春川芽生､松岡美里､奥野香耶､藤本侑里､宮下早紀､菊池紗矢香､須藤叶希､MAKIKO､篠田みなみ､秋奈､小島菜々恵､佐藤榛夏､希水しお
,,M29.トレセン音頭,
,,,Machico､大橋彩香､木村千咲､髙橋ミナミ､小倉唯､渡部優衣､鈴木絵理､新田ひより､天海由梨奈､遠野ひかる､立花日菜､矢野妃菜喜､中村カンナ､春川芽生､松岡美里､奥野香耶､藤本侑里､宮下早紀､菊池紗矢香､須藤叶希､MAKIKO､篠田みなみ､秋奈､小島菜々恵､佐藤榛夏､希水しお
,,M30.うまぴょい伝説,
,,,Machico､大橋彩香､木村千咲､髙橋ミナミ､小倉唯､渡部優衣､鈴木絵理､新田ひより､天海由梨奈､遠野ひかる､立花日菜､矢野妃菜喜､中村カンナ､春川芽生､松岡美里､奥野香耶､藤本侑里､宮下早紀､菊池紗矢香､須藤叶希､MAKIKO､篠田みなみ､秋奈､小島菜々恵､佐藤榛夏､希水しお､佐藤利奈､明坂聡美
2024年03月23日,,,
,ウマ娘 プリティーダービー 5th EVENT ARENA TOUR GO BEYOND -NEW GATE- Day2@大阪城ホール(大阪・中央区),,
,,M01.Comeback Story V,
,,,Machico､徳井青空､衣川里佳､小倉唯､上坂すみれ､咲々木瞳､渡部優衣､田中あいみ､前田佳織里､田澤茉純､花井美春､矢野妃菜喜､真野美月､松岡美里､夏吉ゆうこ､奥野香耶､伊藤彩沙､福嶋晴菜､藤本侑里､河野ひより､春日さくら､秋奈､小島菜々恵､佐藤榛夏､根本優奈､希水しお
,,M02.爆熱マイソウル,
,,,徳井青空､衣川里佳､咲々木瞳､渡部優衣､田中あいみ､前田佳織里､田澤茉純､花井美春､福嶋晴菜､河野ひより､秋奈
,,M03.平凡、時にミラクル,
,,,春日さくら
,,M04.一撃入魂☆ペガサスパンチ,
,,,田中あいみ
,,M05.ピスピス☆スピスピ ゴルシちゃんのうた,
,,,上田瞳
,,M06.ぼくらのブルーバードデイズ,
,,,夏吉ゆうこ､奥野香耶､伊藤彩沙
,,M07.DRAMATIC JOURNEY,
,,,Machico､徳井青空､衣川里佳､渡部優衣､田中あいみ､真野美月､福嶋晴菜､藤本侑里､河野ひより､小島菜々恵､佐藤榛夏､根本優奈､希水しお
,,M08.アコガレ Challenge Dash!!,
,,,Machico､前田佳織里､田澤茉純､花井美春､矢野妃菜喜､松岡美里
,,M09.彩 Phantasia,
,,,田澤茉純､奥野香耶､伊藤彩沙､小島菜々恵､佐藤榛夏､根本優奈､希水しお
,,M10.winning the soul ※High-voltage Ver.,
,,,Machico､咲々木瞳､渡部優衣､松岡美里､藤本侑里､秋奈
,,M11.楽園,
,,,小倉唯
,,M12.シャドーロールの誓い ※The Solid Revision,
,,,衣川里佳
,,M13.ライトレス,
,,,小倉唯､上坂すみれ
,,M14.僕が憧れた青,
,,,夏吉ゆうこ
,,M15.Ms. VICTORIA ※The Legends Ver.,
,,,徳井青空､衣川里佳､上坂すみれ､咲々木瞳､前田佳織里､真野美月､奥野香耶､春日さくら､根本優奈
,,M16.朝露は大河の夢を見る,
,,,佐藤榛夏
,,M17.QueenBee,
,,,希水しお
,,M18.十帰りの花,
,,,根本優奈
,,M19.Over a Tiara,
,,,小島菜々恵
,,M20.Unite!!,
,,,小島菜々恵､佐藤榛夏､根本優奈､希水しお
,,M21.GIRLS' LEGEND U ※The Infinite Ver.,
,,,衣川里佳､咲々木瞳､渡部優衣､真野美月､松岡美里､奥野香耶､福嶋晴菜､藤本侑里､河野ひより､春日さくら
,,M22.Go This Way,
,,,小倉唯､上坂すみれ､矢野妃菜喜､夏吉ゆうこ､奥野香耶､伊藤彩沙､秋奈
,,M23.We are DREAMERS!!,
,,,Machico､衣川里佳､田中あいみ､前田佳織里､花井美春､真野美月､松岡美里､河野ひより､春日さくら
,,M24.ソシテミンナノ ※Breaking The Limit Ver.,
,,,前田佳織里､田澤茉純､花井美春､矢野妃菜喜､夏吉ゆうこ､伊藤彩沙､秋奈
,,M25.Ready!!! Steady!!! Derby!!!,
,,,小倉唯､上坂すみれ､福嶋晴菜､藤本侑里
,,M26.U.M.A. NEW WORLD!!,
,,,Machico､上田瞳､徳井青空､衣川里佳､小倉唯､上坂すみれ､咲々木瞳､渡部優衣､田中あいみ､前田佳織里､田澤茉純､花井美春､矢野妃菜喜､真野美月､松岡美里､夏吉ゆうこ､奥野香耶､伊藤彩沙､福嶋晴菜､藤本侑里､河野ひより､春日さくら､秋奈､小島菜々恵､佐藤榛夏､根本優奈､希水しお
,,M27.トレセン音頭,
,,,Machico､上田瞳､徳井青空､衣川里佳､小倉唯､上坂すみれ､咲々木瞳､渡部優衣､田中あいみ､前田佳織里､田澤茉純､花井美春､矢野妃菜喜､真野美月､松岡美里､夏吉ゆうこ､奥野香耶､伊藤彩沙､福嶋晴菜､藤本侑里､河野ひより､春日さくら､秋奈､小島菜々恵､佐藤榛夏､根本優奈､希水しお
,,M28.うまぴょい伝説,
,,,Machico､上田瞳､徳井青空､衣川里佳､小倉唯､上坂すみれ､咲々木瞳､渡部優衣､田中あいみ､前田佳織里､田澤茉純､花井美春､矢野妃菜喜､真野美月､松岡美里､夏吉ゆうこ､奥野香耶､伊藤彩沙､福嶋晴菜､藤本侑里､河野ひより､春日さくら､秋奈､小島菜々恵､佐藤榛夏､根本優奈､希水しお､明坂聡美､山本昌広
2024年05月06日,,,
,劇場版『ウマ娘 プリティーダービー 新時代の扉』完成披露プレミア@東京国際フォーラム ホールC(東京・千代田区),,
,,M01.Ready!!! Steady!!! Derby!!!,
,,,小倉唯､上坂すみれ､福嶋晴菜､藤本侑里
,,M02.うまぴょい伝説,
,,,小倉唯､上坂すみれ､福嶋晴菜､藤本侑里
2024年05月12日,,,
,『ウマ娘 プリティーダービー』WINNING LIVE 15 発売記念イベント @品川グランドホール(東京・港区),,
,,M01.Comeback Story V,
,,,大和田仁美､前田佳織里､佐伯伊織､真野美月
,,M02.平凡、時にミラクル,
,,,春日さくら
,,M03.銀河系フィロソフィー,
,,,白石晴香
,,M04.うまぴょい伝説,
,,,大和田仁美､前田佳織里､佐伯伊織､真野美月､白石晴香､春日さくら
2024年06月22日,,,
,『ウマ娘 プリティーダービー』WINNING LIVE 16 発売記念イベント@恵比寿ガーデンホール(東京・目黒区),,
,,M01.U.M.A. NEW WORLD!!,
,,,夏吉ゆうこ､藤本侑里､秋奈､小島菜々恵､佐藤榛夏､月城日花
,,M02.EXCEED,
,,,秋奈
,,M03.僕が憧れた青,
,,,夏吉ゆうこ
,,M04.うまぴょい伝説,
,,,夏吉ゆうこ､藤本侑里､秋奈､小島菜々恵､佐藤榛夏､月城日花
2024年07月25日,,,
,TIF presents ONE SONG FES.@FCGビル(東京・港区)【無観客】,,
,,M01.うまぴょい伝説,
,,,徳井青空､福嶋晴菜､藤本侑里
2024年07月27日,,,
,WINNING LIVE 18 発売記念イベント@NEW PIER HALL(東京・港区),,
,,M01.爆熱マイソウル,
,,,土師亜文､渡部優衣､鈴木絵理
,,M02.十帰りの花,
,,,根本優奈
,,M03.朝露は大河の夢を見る,
,,,佐藤榛夏
,,M04.Over a Tiara,
,,,小島菜々恵
,,M05.うまぴょい伝説,
,,,土師亜文､渡部優衣､鈴木絵理､小島菜々恵､佐藤榛夏､根本優奈
2024年08月03日,,,
,TOKYO IDOL FESTIVAL 2024 DAY2 HEAT GARAGE@Zepp DiverCity(東京・江東区),,
,,M01.Ready!!! Steady!!! Derby!!!,
,,,徳井青空､小倉唯､福嶋晴菜､藤本侑里
,,M02.Go This Way,
,,,徳井青空､小倉唯､福嶋晴菜､藤本侑里
,,M03.PRISMATIC SPURT!!!!,
,,,徳井青空､小倉唯､福嶋晴菜､藤本侑里
,,M04.うまぴょい伝説,
,,,徳井青空､小倉唯､福嶋晴菜､藤本侑里
2024年08月10日,,,
,WINNING LIVE 19 発売記念イベント@NEW PIER HALL(東京・港区),,
,,M01.Unite!!,
,,,福嶋晴菜､藤本侑里､小島菜々恵､佐藤榛夏､根本優奈､希水しお
,,M02.私が主役じゃダメですか？,
,,,福嶋晴菜
,,M03.最強ROARING,
,,,藤本侑里
,,M04.うまぴょい伝説,
,,,福嶋晴菜､藤本侑里､小島菜々恵､佐藤榛夏､根本優奈､希水しお
2024年08月31日,,,
,ウマ娘 プリティーダービー Twinkle Circle! 函館公演 Day1@函館サーモン・まるなまアリーナ(北海道・函館市),,
,,M01.UMA Summer,
,,,高柳知葉､佐伯伊織､立花日菜､矢野妃菜喜､春川芽生､藤本侑里､宮下早紀､菊池紗矢香､秋奈､小島菜々恵､佐藤榛夏､根本優奈､希水しお､野木奏
,,M02.どどっと優勝！大感謝祭！！！,
,,,佐伯伊織､春川芽生､宮下早紀､菊池紗矢香､野木奏
,,M03.ゆるパカHAPPY DAYS！,
,,,高柳知葉､春川芽生､菊池紗矢香､小島菜々恵､佐藤榛夏
,,M04.ソシテミンナノ,
,,,立花日菜､矢野妃菜喜､藤本侑里､秋奈
,,M05.Unite!!,
,,,宮下早紀､小島菜々恵､佐藤榛夏､根本優奈､希水しお
,,M06.U.M.A. NEW WORLD!!,
,,,高柳知葉､佐伯伊織､立花日菜､矢野妃菜喜､春川芽生､藤本侑里､宮下早紀､菊池紗矢香､秋奈､小島菜々恵､佐藤榛夏､根本優奈､希水しお､野木奏
,,M07.うまぴょい伝説,
,,,高柳知葉､佐伯伊織､立花日菜､矢野妃菜喜､春川芽生､藤本侑里､宮下早紀､菊池紗矢香､秋奈､小島菜々恵､佐藤榛夏､根本優奈､希水しお､野木奏
2024年09月01日,,,
,ウマ娘 プリティーダービー Twinkle Circle! 函館公演 Day2@函館サーモン・まるなまアリーナ(北海道・函館市),,
,,M01.UMA Summer,
,,,高柳知葉､佐伯伊織､立花日菜､矢野妃菜喜､春川芽生､藤本侑里､宮下早紀､菊池紗矢香､秋奈､小島菜々恵､佐藤榛夏､根本優奈､希水しお､野木奏
,,M02.どどっと優勝！大感謝祭！！！,
,,,佐伯伊織､春川芽生､宮下早紀､菊池紗矢香､野木奏
,,M03.ゆるパカHAPPY DAYS！,
,,,高柳知葉､春川芽生､菊池紗矢香､小島菜々恵､佐藤榛夏
,,M04.ソシテミンナノ,
,,,立花日菜､矢野妃菜喜､藤本侑里､秋奈
,,M05.Unite!!,
,,,宮下早紀､小島菜々恵､佐藤榛夏､根本優奈､希水しお
,,M06.U.M.A. NEW WORLD!!,
,,,高柳知葉､佐伯伊織､立花日菜､矢野妃菜喜､春川芽生､藤本侑里､宮下早紀､菊池紗矢香､秋奈､小島菜々恵､佐藤榛夏､根本優奈､希水しお､野木奏
,,M07.うまぴょい伝説,
,,,高柳知葉､佐伯伊織､立花日菜､矢野妃菜喜､春川芽生､藤本侑里､宮下早紀､菊池紗矢香､秋奈､小島菜々恵､佐藤榛夏､根本優奈､希水しお､野木奏
2024年09月22日,,,
,イナズマロック フェス 2024 DAY2@烏丸半島芝生広場(滋賀・草津市),,
,,M01.GIRLS' LEGEND U,
,,,Machico､大橋彩香､髙橋ミナミ､徳井青空､遠野ひかる､立花日菜､矢野妃菜喜
,,M02.UMA Summer,
,,,Machico､大橋彩香､髙橋ミナミ､徳井青空､遠野ひかる､立花日菜､矢野妃菜喜
,,M03.ユメヲカケル！,
,,,Machico､大橋彩香､遠野ひかる､立花日菜
,,M04.NEXT FRONTIER,
,,,髙橋ミナミ､徳井青空､矢野妃菜喜
,,M05.うまぴょい伝説,
,,,Machico､大橋彩香､髙橋ミナミ､徳井青空､遠野ひかる､立花日菜､矢野妃菜喜､西川貴教
2024年09月28日,,,
,ウマ娘 プリティーダービー Twinkle Circle! 愛知公演 Day1@Aichi Sky Expo(愛知・常滑市),,
,,M01.UMA Summer,
,,,高柳知葉､大空直美､井上遥乃､香坂さき､優木かな､首藤志奈､日原あゆみ､西連寺亜希､塚田悠衣､亜咲花､宮下早紀､篠田みなみ､小島菜々恵､根本優奈
,,M02.GSK☆,
,,,香坂さき､塚田悠衣､亜咲花､篠田みなみ､小島菜々恵､根本優奈
,,M03.爆熱マイソウル,
,,,大空直美､井上遥乃､日原あゆみ､西連寺亜希､宮下早紀
,,M04.Gaze on Me!,
,,,高柳知葉､優木かな､首藤志奈､宮下早紀､篠田みなみ､小島菜々恵､根本優奈
,,M05.UNLIMITED IMPACT,
,,,高柳知葉､首藤志奈､西連寺亜希､塚田悠衣､亜咲花
,,M06.BLOW my GALE,
,,,高柳知葉､大空直美､井上遥乃､香坂さき､優木かな､首藤志奈､日原あゆみ､西連寺亜希､塚田悠衣､亜咲花､宮下早紀､篠田みなみ､小島菜々恵､根本優奈
,,M07.うまぴょい伝説,
,,,高柳知葉､大空直美､井上遥乃､香坂さき､優木かな､首藤志奈､日原あゆみ､西連寺亜希､塚田悠衣､亜咲花､宮下早紀､篠田みなみ､小島菜々恵､根本優奈
2024年09月29日,,,
,ウマ娘 プリティーダービー Twinkle Circle! 愛知公演 Day2 1部@Aichi Sky Expo(愛知・常滑市),,
,,M01.UMA Summer,
,,,高柳知葉､大空直美､井上遥乃､香坂さき､優木かな､首藤志奈､日原あゆみ､西連寺亜希､塚田悠衣､亜咲花､宮下早紀､篠田みなみ､小島菜々恵､根本優奈
,,M02.GSK☆,
,,,香坂さき､塚田悠衣､亜咲花､篠田みなみ､小島菜々恵､根本優奈
,,M03.爆熱マイソウル,
,,,大空直美､井上遥乃､日原あゆみ､西連寺亜希､宮下早紀
,,M04.Gaze on Me!,
,,,高柳知葉､優木かな､首藤志奈､宮下早紀､篠田みなみ､小島菜々恵､根本優奈
,,M05.UNLIMITED IMPACT,
,,,高柳知葉､首藤志奈､西連寺亜希､塚田悠衣､亜咲花
,,M06.BLOW my GALE,
,,,高柳知葉､大空直美､井上遥乃､香坂さき､優木かな､首藤志奈､日原あゆみ､西連寺亜希､塚田悠衣､亜咲花､宮下早紀､篠田みなみ､小島菜々恵､根本優奈
,,M07.うまぴょい伝説,
,,,高柳知葉､大空直美､井上遥乃､香坂さき､優木かな､首藤志奈､日原あゆみ､西連寺亜希､塚田悠衣､亜咲花､宮下早紀､篠田みなみ､小島菜々恵､根本優奈
,ウマ娘 プリティーダービー Twinkle Circle! 愛知公演 Day2 2部@Aichi Sky Expo(愛知・常滑市),,
,,M01.UMA Summer,
,,,高柳知葉､大空直美､井上遥乃､香坂さき､優木かな､首藤志奈､日原あゆみ､西連寺亜希､塚田悠衣､亜咲花､宮下早紀､篠田みなみ､小島菜々恵､根本優奈
,,M02.GSK☆,
,,,香坂さき､塚田悠衣､亜咲花､篠田みなみ､小島菜々恵､根本優奈
,,M03.爆熱マイソウル,
,,,大空直美､井上遥乃､日原あゆみ､西連寺亜希､宮下早紀
,,M04.Gaze on Me!,
,,,高柳知葉､優木かな､首藤志奈､宮下早紀､篠田みなみ､小島菜々恵､根本優奈
,,M05.UNLIMITED IMPACT,
,,,高柳知葉､首藤志奈､西連寺亜希､塚田悠衣､亜咲花
,,M06.BLOW my GALE,
,,,高柳知葉､大空直美､井上遥乃､香坂さき､優木かな､首藤志奈､日原あゆみ､西連寺亜希､塚田悠衣､亜咲花､宮下早紀､篠田みなみ､小島菜々恵､根本優奈
,,M07.うまぴょい伝説,
,,,高柳知葉､大空直美､井上遥乃､香坂さき､優木かな､首藤志奈､日原あゆみ､西連寺亜希､塚田悠衣､亜咲花､宮下早紀､篠田みなみ､小島菜々恵､根本優奈
2024年10月19日,,,
,ウマ娘 プリティーダービー Twinkle Circle! 幕張公演 Day1@幕張メッセイベントホール(千葉・美浜区),,
,,M01.U.M.A. NEW WORLD!!,
,,,星谷美緒､河井晴菜､天海由梨奈､野口瑠璃子､真野美月､春川芽生､松岡美里､夏吉ゆうこ､奥野香耶､福嶋晴菜､藤本侑里､藤原夏海､小島菜々恵､月城日花､神谷早矢佳
,,M02.GOCHISO様,
,,,野口瑠璃子､真野美月､松岡美里､夏吉ゆうこ､福嶋晴菜､藤本侑里､藤原夏海､小島菜々恵
,,M03.RUN×RUN！,
,,,星谷美緒､河井晴菜､天海由梨奈､春川芽生､奥野香耶､月城日花
,,M04.ウマすぎ！グルメパレード,
,,,河井晴菜､天海由梨奈､野口瑠璃子､夏吉ゆうこ､奥野香耶､藤原夏海､小島菜々恵､月城日花､神谷早矢佳
,,M05.NEXT FRONTIER,
,,,星谷美緒､真野美月､神谷早矢佳
,,M06.Ready!!! Steady!!! Derby!!!,
,,,春川芽生､松岡美里､福嶋晴菜､藤本侑里
,,M07.うまぴょい伝説,
,,,星谷美緒､河井晴菜､天海由梨奈､野口瑠璃子､真野美月､春川芽生､松岡美里､夏吉ゆうこ､奥野香耶､福嶋晴菜､藤本侑里､藤原夏海､小島菜々恵､月城日花､神谷早矢佳
2024年10月20日,,,
,ウマ娘 プリティーダービー Twinkle Circle! 幕張公演 Day2 1部@幕張メッセイベントホール(千葉・美浜区),,
,,M01.U.M.A. NEW WORLD!!,
,,,星谷美緒､河井晴菜､天海由梨奈､野口瑠璃子､真野美月､春川芽生､松岡美里､夏吉ゆうこ､奥野香耶､福嶋晴菜､藤本侑里､藤原夏海､小島菜々恵､月城日花､神谷早矢佳
,,M02.GOCHISO様,
,,,野口瑠璃子､真野美月､松岡美里､夏吉ゆうこ､福嶋晴菜､藤本侑里､藤原夏海､小島菜々恵
,,M03.RUN×RUN！,
,,,星谷美緒､河井晴菜､天海由梨奈､春川芽生､奥野香耶､月城日花
,,M04.ウマすぎ！グルメパレード,
,,,河井晴菜､天海由梨奈､野口瑠璃子､夏吉ゆうこ､奥野香耶､藤原夏海､小島菜々恵､月城日花､神谷早矢佳
,,M05.NEXT FRONTIER,
,,,星谷美緒､真野美月､神谷早矢佳
,,M06.Ready!!! Steady!!! Derby!!!,
,,,春川芽生､松岡美里､福嶋晴菜､藤本侑里
,,M07.うまぴょい伝説,
,,,星谷美緒､河井晴菜､天海由梨奈､野口瑠璃子､真野美月､春川芽生､松岡美里､夏吉ゆうこ､奥野香耶､福嶋晴菜､藤本侑里､藤原夏海､小島菜々恵､月城日花､神谷早矢佳
,ウマ娘 プリティーダービー Twinkle Circle! 幕張公演 Day2 2部@幕張メッセイベントホール(千葉・美浜区),,
,,M01.U.M.A. NEW WORLD!!,
,,,星谷美緒､河井晴菜､天海由梨奈､野口瑠璃子､真野美月､春川芽生､松岡美里､夏吉ゆうこ､奥野香耶､福嶋晴菜､藤本侑里､藤原夏海､小島菜々恵､月城日花､神谷早矢佳
,,M02.GOCHISO様,
,,,野口瑠璃子､真野美月､松岡美里､夏吉ゆうこ､福嶋晴菜､藤本侑里､藤原夏海､小島菜々恵
,,M03.RUN×RUN！,
,,,星谷美緒､河井晴菜､天海由梨奈､春川芽生､奥野香耶､月城日花
,,M04.ウマすぎ！グルメパレード,
,,,河井晴菜､天海由梨奈､野口瑠璃子､夏吉ゆうこ､奥野香耶､藤原夏海､小島菜々恵､月城日花､神谷早矢佳
,,M05.NEXT FRONTIER,
,,,星谷美緒､真野美月､神谷早矢佳
,,M06.Ready!!! Steady!!! Derby!!!,
,,,春川芽生､松岡美里､福嶋晴菜､藤本侑里
,,M07.うまぴょい伝説,
,,,星谷美緒､河井晴菜､天海由梨奈､野口瑠璃子､真野美月､春川芽生､松岡美里､夏吉ゆうこ､奥野香耶､福嶋晴菜､藤本侑里､藤原夏海､小島菜々恵､月城日花､神谷早矢佳
2024年10月26日,,,
,WINNING LIVE 20 発売記念イベント@NEW PIER HALL(東京・港区),,
,,M01.ウマすぎ！グルメパレード,
,,,上田瞳､藤野彩水､鈴木絵理､河井晴菜､藤原夏海
,,M02.ピスピス☆スピスピ ゴルシちゃんのうた,
,,,上田瞳
,,M03.誇りをこの手に,
,,,藤野彩水
,,M04.ゆーてネタだかんね♡,
,,,鈴木絵理
,,M05.うまぴょい伝説,
,,,上田瞳､藤野彩水､鈴木絵理､河井晴菜､藤原夏海
2024年11月08日,,,
,IDOL SQUARE 6@TOKYO DOME CITY HALL(東京・文京区),,
,,M01.Make debut!,
,,,高柳知葉､鈴木みのり､大和田仁美､塚田悠衣､菊池紗矢香
,,M02.We are DREAMERS!!,
,,,高柳知葉､鈴木みのり､大和田仁美､塚田悠衣､菊池紗矢香
,,M03.Gaze on Me!,
,,,高柳知葉､鈴木みのり､大和田仁美､塚田悠衣､菊池紗矢香
,,M04.Unite!!,
,,,高柳知葉､鈴木みのり､大和田仁美､塚田悠衣､菊池紗矢香
,,M05.うまぴょい伝説 ※Short ver.,
,,,高柳知葉､鈴木みのり､大和田仁美､塚田悠衣､菊池紗矢香､廣川奈々聖､三品瑠香､早﨑すずき､金澤亜美､中村朱里､蛭田愛梨､小田柚葉､杉浦優來､工藤由愛､松永里愛
2024年11月10日,,,
,WINNING LIVE 21 発売記念イベント@品川グランドホール(東京・港区),,
,,M01.どどっと優勝！大感謝祭！！！,
,,,大橋彩香､木村千咲､杉浦しおり､東山奈央､井上ほの花､宮下早紀
,,M02.愛舞い、喰らい。,
,,,宮下早紀
,,M03.Love Will Come Through,
,,,東山奈央
,,M04.うまぴょい伝説,
,,,大橋彩香､木村千咲､杉浦しおり､東山奈央､井上ほの花､宮下早紀
2024年11月16日,,,
,ウマ娘 プリティーダービー Twinkle Circle! 大阪公演 Day1@インテックス大阪 5号館(大阪・住之江区),,
,,M01.U.M.A. NEW WORLD!!,
,,,土師亜文､咲々木瞳､津田美波､杉浦しおり､大和田仁美､久保田ひかり､のぐちゆり､大西綺華､中村カンナ､塚田悠衣､藤本侑里､宮下早紀､秋奈､小島菜々恵､佳原萌枝
,,M02.メジロ讃歌,
,,,土師亜文､久保田ひかり､のぐちゆり､大西綺華
,,M03.KIRARI MAGIC SHOW,
,,,杉浦しおり､大和田仁美､久保田ひかり､塚田悠衣､藤本侑里､宮下早紀､小島菜々恵､佳原萌枝
,,M04.O - ロライズ,
,,,土師亜文､津田美波､杉浦しおり､のぐちゆり､大西綺華､中村カンナ､塚田悠衣､秋奈
,,M05.Everlasting BEATS,
,,,咲々木瞳､津田美波､大和田仁美､宮下早紀､秋奈､小島菜々恵､佳原萌枝
,,M06.Glorious Moment！,
,,,咲々木瞳､中村カンナ､藤本侑里
,,M07.うまぴょい伝説,
,,,土師亜文､咲々木瞳､津田美波､杉浦しおり､大和田仁美､久保田ひかり､のぐちゆり､大西綺華､中村カンナ､塚田悠衣､藤本侑里､宮下早紀､秋奈､小島菜々恵､佳原萌枝
2024年11月17日,,,
,ウマ娘 プリティーダービー Twinkle Circle! 大阪公演 Day2@インテックス大阪 5号館(大阪・住之江区),,
,,M01.U.M.A. NEW WORLD!!,
,,,土師亜文､咲々木瞳､津田美波､杉浦しおり､大和田仁美､久保田ひかり､のぐちゆり､大西綺華､中村カンナ､塚田悠衣､藤本侑里､宮下早紀､秋奈､小島菜々恵､佳原萌枝
,,M02.メジロ讃歌,
,,,土師亜文､久保田ひかり､のぐちゆり､大西綺華
,,M03.KIRARI MAGIC SHOW,
,,,杉浦しおり､大和田仁美､久保田ひかり､塚田悠衣､藤本侑里､宮下早紀､小島菜々恵､佳原萌枝
,,M04.O - ロライズ,
,,,土師亜文､津田美波､杉浦しおり､のぐちゆり､大西綺華､中村カンナ､塚田悠衣､秋奈
,,M05.Everlasting BEATS,
,,,咲々木瞳､津田美波､大和田仁美､宮下早紀､秋奈､小島菜々恵､佳原萌枝
,,M06.Glorious Moment！,
,,,咲々木瞳､中村カンナ､藤本侑里
,,M07.うまぴょい伝説,
,,,土師亜文､咲々木瞳､津田美波､杉浦しおり､大和田仁美､久保田ひかり､のぐちゆり､大西綺華､中村カンナ､塚田悠衣､藤本侑里､宮下早紀､秋奈､小島菜々恵､佳原萌枝
2024年11月23日,,,
,Lemino presents ANIMAX MUSIX 2024 FALL@横浜アリーナ(神奈川・横浜港北区),,
,,M01.Ready!!! Steady!!! Derby!!!,
,,,津田美波､矢野妃菜喜､春川芽生､福嶋晴菜､藤本侑里､秋奈､吉岡茉祐､オーイシマサヨシ
,,M02.O - ロライズ ※Game size,
,,,津田美波､矢野妃菜喜､春川芽生､福嶋晴菜､藤本侑里､秋奈､吉岡茉祐
,,M03.アコガレ Challenge Dash!!,
,,,津田美波､矢野妃菜喜､春川芽生､福嶋晴菜､藤本侑里､秋奈､吉岡茉祐
,,M04.うまぴょい伝説,
,,,津田美波､矢野妃菜喜､春川芽生､福嶋晴菜､藤本侑里､秋奈､吉岡茉祐､中川翔子
2024年12月15日,,,
,ウマ娘 プリティーダービー Twinkle Circle! 福岡公演 昼公演@マリンメッセ福岡B館(福岡・博多区),,
,,M01.Unite!!,
,,,Machico､高柳知葉､前田玲奈､篠原侑､鈴木絵理､前田佳織里､指出毬亜､井上ほの花､藤本侑里､宮下早紀､秋奈､小島菜々恵､月城日花､吉岡茉祐､和泉風花
,,M02.Never Looking Back,
,,,Machico､高柳知葉､前田玲奈､吉岡茉祐
,,M03.本能スピード,
,,,篠原侑､前田佳織里､指出毬亜､井上ほの花､小島菜々恵､和泉風花
,,M04.Special Record!,
,,,鈴木絵理､月城日花､吉岡茉祐､和泉風花
,,M05.We are DREAMERS!!,
,,,篠原侑､鈴木絵理､指出毬亜､井上ほの花､宮下早紀､月城日花
,,M06.PRISMATIC SPURT!!!!,
,,,Machico､高柳知葉､前田玲奈､前田佳織里､藤本侑里､秋奈
,,M07.ENDLESS DREAM!!,
,,,高柳知葉､藤本侑里､宮下早紀､秋奈､小島菜々恵
,,M08.うまぴょい伝説,
,,,Machico､高柳知葉､前田玲奈､篠原侑､鈴木絵理､前田佳織里､指出毬亜､井上ほの花､藤本侑里､宮下早紀､秋奈､小島菜々恵､月城日花､吉岡茉祐､和泉風花
,ウマ娘 プリティーダービー Twinkle Circle! 福岡公演 夜公演@マリンメッセ福岡B館(福岡・博多区),,
,,M01.Unite!!,
,,,Machico､高柳知葉､前田玲奈､篠原侑､鈴木絵理､前田佳織里､指出毬亜､井上ほの花､藤本侑里､宮下早紀､秋奈､小島菜々恵､月城日花､吉岡茉祐､和泉風花
,,M02.Never Looking Back,
,,,Machico､高柳知葉､前田玲奈､吉岡茉祐
,,M03.本能スピード,
,,,篠原侑､前田佳織里､指出毬亜､井上ほの花､小島菜々恵､和泉風花
,,M04.Special Record!,
,,,鈴木絵理､月城日花､吉岡茉祐､和泉風花
,,M05.We are DREAMERS!!,
,,,篠原侑､鈴木絵理､指出毬亜､井上ほの花､宮下早紀､月城日花
,,M06.PRISMATIC SPURT!!!!,
,,,Machico､高柳知葉､前田玲奈､前田佳織里､藤本侑里､秋奈
,,M07.ENDLESS DREAM!!,
,,,高柳知葉､藤本侑里､宮下早紀､秋奈､小島菜々恵
,,M08.うまぴょい伝説,
,,,Machico､高柳知葉､前田玲奈､篠原侑､鈴木絵理､前田佳織里､指出毬亜､井上ほの花､藤本侑里､宮下早紀､秋奈､小島菜々恵､月城日花､吉岡茉祐､和泉風花
2024年12月31日,,,
,第8回 ももいろ歌合戦 ～愛の大晦日～@日本武道館(東京・千代田区),,
,,M01.UMA Summer ※うまぴょいSummerとして披露,
,,,西連寺亜希､塚田悠衣､福嶋晴菜､藤本侑里､宮下早紀､小島菜々恵､佐藤榛夏､根本優奈､希水しお､芹澤優
,,M02.うまぴょい伝説 ※うまぴょいSummerとして披露,
,,,西連寺亜希､塚田悠衣､福嶋晴菜､藤本侑里､宮下早紀､小島菜々恵､佐藤榛夏､根本優奈､希水しお､芹澤優
,,M03.三百六十五歩のマーチ,
,,,西連寺亜希､塚田悠衣､福嶋晴菜､藤本侑里､宮下早紀､小島菜々恵､佐藤榛夏､根本優奈､希水しお､芹澤優､他出演キャスト全員
2025年01月12日,,,
,WINNING LIVE 22 発売記念イベント@NEW PIER HALL(東京・港区),,
,,M01.UMA Summer,
,,,のぐちゆり､山根綺､福嶋晴菜､藤本侑里
,,M02.どこまで走れば,
,,,月城日花
,,M03.マリンブルー・マジック♡,
,,,伊藤彩沙
,,M04.うまぴょい伝説,
,,,のぐちゆり､山根綺､伊藤彩沙､福嶋晴菜､藤本侑里､月城日花
2025年02月15日,,,
,WINNING LIVE 23 発売記念イベント@NEW PIER HALL(東京・港区),,
,,M01.O - ロライズ,
,,,津田美波､近藤唯､塚田悠衣
,,M02.ZOKZOK,
,,,塚田悠衣
,,M03.ピヨっピヨにしてやんよッ！,
,,,亜咲花
,,M04.Dear My Dream,
,,,西連寺亜希
,,M05.うまぴょい伝説,
,,,津田美波､近藤唯､塚田悠衣､亜咲花､西連寺亜希
2025年04月27日,,,
,「ウマ娘 プリティーダービー」ぱかライブTV Vol.52@都内某所(東京・特別区)【無観客】,,
,,M01.超える ※Short ver.,
,,,[Alexandros]
2025年05月24日,,,
,ウマ娘 プリティーダービー 6th EVENT The New Frontier 春公演 DAY1@GMOアリーナさいたま(埼玉・さいたま中央区),,
,,M01.STARTING FORCE,
,,,高柳知葉､星谷美緒､福原綾香､大和田仁美､下地紫野､新田ひより､天海由梨奈､遠野ひかる､羊宮妃那､西連寺亜希､塚田悠衣､亜咲花､指出毬亜､東山奈央､夏吉ゆうこ､奥野香耶､伊藤彩沙､宮下早紀､稲垣好､菊池紗矢香､芹澤優､紫月杏朱彩､石原夏織､中島由貴､夏目妃菜､久保田未夢､真名瀬日和､小田杏樹
,,M02.GIRLS' LEGEND U,
,,,羊宮妃那､紫月杏朱彩､石原夏織､中島由貴､夏目妃菜､久保田未夢､真名瀬日和､小田杏樹
,,M03.立ち位置ゼロ番！順位は一番！,
,,,大和田仁美､稲垣好､菊池紗矢香
,,M04.ピヨっピヨにしてやんよッ！,
,,,亜咲花
,,M05.ZOKZOK,
,,,塚田悠衣
,,M06.Dear My Dream,
,,,西連寺亜希
,,M07.爆熱マイソウル,
,,,大和田仁美､西連寺亜希､塚田悠衣､亜咲花､稲垣好､菊池紗矢香
,,M08.SHAKEROCK,
,,,星谷美緒､福原綾香､新田ひより
,,M09.Hat on your Head!,
,,,天海由梨奈､遠野ひかる､夏吉ゆうこ､菊池紗矢香
,,M10.BoC-izm,
,,,下地紫野､指出毬亜､夏吉ゆうこ､奥野香耶､伊藤彩沙､菊池紗矢香､久保田未夢
,,M11.Gaze on Me!,
,,,星谷美緒､新田ひより､天海由梨奈､遠野ひかる､西連寺亜希､宮下早紀､稲垣好
,,M12.L'Arc de gloire,
,,,福原綾香､大和田仁美､下地紫野､塚田悠衣､亜咲花､紫月杏朱彩､真名瀬日和
,,M13.Love Will Come Through,
,,,東山奈央
,,M14.愛舞い、喰らい。,
,,,宮下早紀
,,M15.LADY G DONNA,
,,,芹澤優
,,M16.Ms. VICTORIA,
,,,羊宮妃那､石原夏織
,,M17.超える ※TV ver.,
,,,高柳知葉
,,M18.BRIGHTEST HEART,
,,,高柳知葉､瀬戸桃子
,,M19.∞,
,,,高柳知葉､瀬戸桃子
,,M20.BLOW my GALE,
,,,星谷美緒､新田ひより､天海由梨奈､遠野ひかる､東山奈央､夏吉ゆうこ､奥野香耶､伊藤彩沙､芹澤優､紫月杏朱彩､中島由貴､小田杏樹
,,M21.本能スピード,
,,,福原綾香､指出毬亜､夏目妃菜
,,M22.彩 Phantasia,
,,,羊宮妃那､石原夏織､中島由貴､夏目妃菜､久保田未夢､真名瀬日和､小田杏樹
,,M23.黎明に咲く華,
,,,指出毬亜､東山奈央､奥野香耶､伊藤彩沙､宮下早紀､芹澤優
,,M24.Legend-Changer,
,,,高柳知葉､星谷美緒､福原綾香､大和田仁美､下地紫野､新田ひより､天海由梨奈､遠野ひかる､羊宮妃那､西連寺亜希､塚田悠衣､亜咲花､指出毬亜､東山奈央､夏吉ゆうこ､奥野香耶､伊藤彩沙､宮下早紀､稲垣好､菊池紗矢香､芹澤優､紫月杏朱彩､石原夏織､中島由貴､夏目妃菜､久保田未夢､真名瀬日和､小田杏樹
,,M25.Shake The World!!,
,,,高柳知葉､星谷美緒､福原綾香､大和田仁美､下地紫野､新田ひより､天海由梨奈､遠野ひかる､羊宮妃那､西連寺亜希､塚田悠衣､亜咲花､指出毬亜､東山奈央､夏吉ゆうこ､奥野香耶､伊藤彩沙､宮下早紀､稲垣好､菊池紗矢香､芹澤優､紫月杏朱彩､石原夏織､中島由貴､夏目妃菜､久保田未夢､真名瀬日和､小田杏樹
,,M26.うまぴょい伝説,
,,,高柳知葉､星谷美緒､福原綾香､大和田仁美､下地紫野､新田ひより､天海由梨奈､遠野ひかる､羊宮妃那､西連寺亜希､塚田悠衣､亜咲花､指出毬亜､東山奈央､夏吉ゆうこ､奥野香耶､伊藤彩沙､宮下早紀､稲垣好､菊池紗矢香､芹澤優､紫月杏朱彩､石原夏織､中島由貴､夏目妃菜､久保田未夢､真名瀬日和､小田杏樹､瀬戸桃子
2025年05月25日,,,
,ウマ娘 プリティーダービー 6th EVENT The New Frontier 春公演 DAY2@GMOアリーナさいたま(埼玉・さいたま中央区),,
,,M01.STARTING FORCE,
,,,高柳知葉､上田瞳､衣川里佳､大空直美､近藤唯､香坂さき､優木かな､下地紫野､天海由梨奈､野口瑠璃子､会沢紗弥､日原あゆみ､奥野香耶､秋山実咲､日笠陽子､芹澤優､月城日花､吉岡茉祐､望月ゆみこ､野木奏､日比優理香､紫月杏朱彩､石原夏織､中島由貴､夏目妃菜､久保田未夢､真名瀬日和､小田杏樹
,,M02.U.M.A. NEW WORLD!!,
,,,秋山実咲､月城日花､吉岡茉祐､望月ゆみこ､野木奏､日比優理香
,,M03.立ち位置ゼロ番！順位は一番！,
,,,香坂さき､奥野香耶､秋山実咲､芹澤優､望月ゆみこ､野木奏､石原夏織､夏目妃菜
,,M04.夢疾風,
,,,天海由梨奈
,,M05.どこまで走れば,
,,,月城日花
,,M06.ソシテミンナノ,
,,,奥野香耶､月城日花､中島由貴､小田杏樹
,,M07.灰のmemoire,
,,,高柳知葉､上田瞳､大空直美､近藤唯､真名瀬日和
,,M08.Hat on your Head!,
,,,天海由梨奈､奥野香耶､日比優理香､久保田未夢
,,M09.Gaze on Me!,
,,,衣川里佳､香坂さき､野口瑠璃子､会沢紗弥､日原あゆみ､芹澤優､夏目妃菜
,,M10.本能スピード,
,,,秋山実咲､望月ゆみこ､野木奏
,,M11.L'Arc de gloire,
,,,上田瞳､優木かな､下地紫野､紫月杏朱彩
,,M12.Ms. VICTORIA,
,,,日笠陽子､芹澤優
,,M13.Stay on Course,
,,,吉岡茉祐
,,M14.以下、勅命,
,,,日笠陽子
,,M15.Everlasting BEATS,
,,,上田瞳､下地紫野､日笠陽子､吉岡茉祐､日比優理香
,,M16.超える,
,,,高柳知葉､大空直美
,,M17.Never Looking Back,
,,,高柳知葉､大空直美､香坂さき､優木かな､野口瑠璃子､会沢紗弥､日原あゆみ
,,M18.unbreakable,
,,,高柳知葉
,,M19.NEXT FRONTIER,
,,,紫月杏朱彩､中島由貴､久保田未夢､真名瀬日和､小田杏樹
,,M20.Glory Eyes,
,,,石原夏織
,,M21.Precious Star Dreamer,
,,,紫月杏朱彩､石原夏織､中島由貴､夏目妃菜､久保田未夢､真名瀬日和､小田杏樹
,,M22.winning the soul,
,,,優木かな､天海由梨奈､野口瑠璃子､日原あゆみ
,,M23.AmpReFire,
,,,上田瞳､衣川里佳､近藤唯､日笠陽子､月城日花
,,M24.Legend-Changer,
,,,高柳知葉､上田瞳､衣川里佳､大空直美､近藤唯､香坂さき､優木かな､下地紫野､天海由梨奈､野口瑠璃子､会沢紗弥､日原あゆみ､奥野香耶､秋山実咲､日笠陽子､芹澤優､月城日花､吉岡茉祐､望月ゆみこ､野木奏､日比優理香､紫月杏朱彩､石原夏織､中島由貴､夏目妃菜､久保田未夢､真名瀬日和､小田杏樹
,,M25.Shake The World!!,
,,,高柳知葉､上田瞳､衣川里佳､大空直美､近藤唯､香坂さき､優木かな､下地紫野､天海由梨奈､野口瑠璃子､会沢紗弥､日原あゆみ､奥野香耶､秋山実咲､日笠陽子､芹澤優､月城日花､吉岡茉祐､望月ゆみこ､野木奏､日比優理香､紫月杏朱彩､石原夏織､中島由貴､夏目妃菜､久保田未夢､真名瀬日和､小田杏樹
,,M26.うまぴょい伝説,
,,,高柳知葉､上田瞳､衣川里佳､大空直美､近藤唯､香坂さき､優木かな､下地紫野､天海由梨奈､野口瑠璃子､会沢紗弥､日原あゆみ､奥野香耶､秋山実咲､日笠陽子､芹澤優､月城日花､吉岡茉祐､望月ゆみこ､野木奏､日比優理香､紫月杏朱彩､石原夏織､中島由貴､夏目妃菜､久保田未夢､真名瀬日和､小田杏樹
2025年07月06日,,,
,WINNING LIVE 24 発売記念イベント@NEW PIER HALL(東京・港区),,
,,M01.STARTING FORCE,
,,,天海由梨奈､羊宮妃那､日笠陽子､吉岡茉祐､石原夏織､夏目妃菜
,,M02.夢疾風,
,,,天海由梨奈
,,M03.以下、勅命,
,,,日笠陽子
,,M04.Stay on Course,
,,,吉岡茉祐
,,M05.うまぴょい伝説,
,,,天海由梨奈､羊宮妃那､日笠陽子､吉岡茉祐､石原夏織､夏目妃菜
2025年07月24日,,,
,ATC Special Stage 賽馬娘Pretty Derby 聲優見面會@台北世界貿易中心(台湾・台北市),,
,,M01.うまぴょい伝説 ※Game size,
,,,高柳知葉､髙橋ミナミ､矢野妃菜喜､福嶋晴菜
,,M02.GIRLS' LEGEND U,
,,,高柳知葉､髙橋ミナミ､矢野妃菜喜､福嶋晴菜
,,M03.U.M.A. NEW WORLD!!,
,,,高柳知葉､髙橋ミナミ､矢野妃菜喜､福嶋晴菜
,,M04.NEXT FRONTIER,
,,,高柳知葉､髙橋ミナミ､矢野妃菜喜､福嶋晴菜
,,M05.うまぴょい伝説,
,,,高柳知葉､髙橋ミナミ､矢野妃菜喜､福嶋晴菜
2025年07月26日,,,
,アニメ『ウマ娘 シンデレラグレイ』第1クールエンディング主題歌 : 「∞」発売記念リリースイベント【1部】@animate hall BLACK(東京・豊島区),,
,,M01.∞,
,,,高柳知葉
,アニメ『ウマ娘 シンデレラグレイ』第1クールエンディング主題歌 : 「∞」発売記念リリースイベント【2部】@animate hall BLACK(東京・豊島区),,
,,M01.∞,
,,,高柳知葉
2025年08月02日,,,
,TOKYO IDOL FESTIVAL 2025 DAY2@Zepp DiverCity(東京・江東区),,
,,M01.UMA Summer,
,,,奥野香耶､芹澤優､紫月杏朱彩､久保田未夢
,,M02.Gaze on Me!,
,,,奥野香耶､芹澤優､紫月杏朱彩､久保田未夢
,,M03.立ち位置ゼロ番！順位は一番！,
,,,奥野香耶､芹澤優､紫月杏朱彩､久保田未夢
,,M04.うまぴょい伝説,
,,,奥野香耶､芹澤優､紫月杏朱彩､久保田未夢
2025年08月24日,,,
,WINNING LIVE 26 発売記念イベント@NEW PIER HALL(東京・港区),,
,,M01.Legend-Changer,
,,,田所あずさ､長谷川育美､大和田仁美､東山奈央､菊池紗矢香､石原夏織
,,M02.Absolute Faith,
,,,長谷川育美
,,M03.Glory Eyes,
,,,石原夏織
,,M04.うまぴょい伝説,
,,,田所あずさ､長谷川育美､大和田仁美､東山奈央､菊池紗矢香､石原夏織
2025年09月06日,,,
,WINNING LIVE 27 発売記念イベント@NEW PIER HALL(東京・港区),,
,,M01.Shake The World!!,
,,,篠原侑､紫月杏朱彩､夏目妃菜､久保田未夢､真名瀬日和､小田杏樹
,,M02.#カワイイって言って？,
,,,篠原侑
,,M03.Mile×Rule Star,
,,,夏目妃菜
,,M04.うまぴょい伝説,
,,,篠原侑､紫月杏朱彩､夏目妃菜､久保田未夢､真名瀬日和､小田杏樹
2025年10月18日,,,
,ウマ娘 プリティーダービー 6th EVENT The New Frontier 秋公演 DAY1@GMOアリーナさいたま(埼玉・さいたま中央区),,
,,M01.Shake The World!!,
,,,Machico､高柳知葉､前田玲奈､徳井青空､上坂すみれ､咲々木瞳､篠原侑､新田ひより､久保田ひかり､前田佳織里､佐伯伊織､遠野ひかる､中村カンナ､福嶋晴菜､宮下早紀､小島菜々恵､佐藤榛夏､佳原萌枝､鈴木日菜､望月ゆみこ､野木奏､久保田未夢､真名瀬日和､小田杏樹､松田颯水
,,M02.UMA Summer,
,,,Machico､高柳知葉､前田玲奈､篠原侑､前田佳織里､遠野ひかる､宮下早紀､鈴木日菜､望月ゆみこ､野木奏､久保田未夢､真名瀬日和､小田杏樹
,,M03.Glorious Moment！,
,,,徳井青空､咲々木瞳､中村カンナ
,,M04.Ready!!! Steady!!! Derby!!!,
,,,上坂すみれ､福嶋晴菜､オーイシマサヨシ
,,M05.AmpReFire,
,,,徳井青空､上坂すみれ､咲々木瞳､中村カンナ､福嶋晴菜
,,M06.私が主役じゃダメですか？,
,,,福嶋晴菜
,,M07.限界までPom Pon!!,
,,,新田ひより､前田佳織里､佐伯伊織､遠野ひかる､小島菜々恵､佐藤榛夏､望月ゆみこ､野木奏
,,M08.Unite!!,
,,,Machico､前田玲奈､咲々木瞳､新田ひより､久保田ひかり､佳原萌枝､久保田未夢､小田杏樹
,,M09.Logue,
,,,真名瀬日和
,,M10.Special Record!,
,,,久保田未夢､真名瀬日和､小田杏樹
,,M11.transforming,
,,,上坂すみれ､高野麻里佳
,,M12.#カワイイって言って？,
,,,篠原侑
,,M13.Overrunner!,
,,,篠原侑､佐伯伊織､望月ゆみこ､野木奏
,,M14.ソシテミンナノ,
,,,前田佳織里､遠野ひかる､青山吉能
,,M15.超える,
,,,[Alexandros]
,,M16.超える,
,,,[Alexandros]､高柳知葉
,,M17.∞,
,,,高柳知葉
,,M18.ユメヲカケル！,
,,,佐伯伊織､小島菜々恵､佐藤榛夏､佳原萌枝
,,M19.Never Looking Back,
,,,Machico､高野麻里佳
,,M20.Ms. VICTORIA,
,,,宮下早紀､鈴木日菜
,,M21.黎明に咲く華,
,,,宮下早紀､小島菜々恵､佐藤榛夏､佳原萌枝､鈴木日菜
,,M22.BLOW my GALE,
,,,久保田ひかり､松田颯水､高野麻里佳
,,M23.NEXT FRONTIER,
,,,前田玲奈､徳井青空､新田ひより､久保田ひかり､佐伯伊織､中村カンナ､松田颯水､青山吉能
,,M24.Legend-Changer,
,,,松田颯水
,,M25.めにしゅき♡ラッシュっしゅ！,
,,,Machico､高柳知葉､前田玲奈､徳井青空､上坂すみれ､咲々木瞳､篠原侑､新田ひより､久保田ひかり､前田佳織里､佐伯伊織､遠野ひかる､中村カンナ､福嶋晴菜､宮下早紀､小島菜々恵､佐藤榛夏､佳原萌枝､鈴木日菜､望月ゆみこ､野木奏､久保田未夢､真名瀬日和､小田杏樹､松田颯水､青山吉能
,,M26.STARTING FORCE,
,,,Machico､高柳知葉､前田玲奈､徳井青空､上坂すみれ､咲々木瞳､篠原侑､新田ひより､久保田ひかり､前田佳織里､佐伯伊織､遠野ひかる､中村カンナ､福嶋晴菜､宮下早紀､小島菜々恵､佐藤榛夏､佳原萌枝､鈴木日菜､望月ゆみこ､野木奏､久保田未夢､真名瀬日和､小田杏樹､松田颯水､青山吉能
,,M27.うまぴょい伝説,
,,,Machico､高柳知葉､前田玲奈､徳井青空､上坂すみれ､咲々木瞳､篠原侑､新田ひより､久保田ひかり､前田佳織里､佐伯伊織､遠野ひかる､中村カンナ､福嶋晴菜､宮下早紀､小島菜々恵､佐藤榛夏､佳原萌枝､鈴木日菜､望月ゆみこ､野木奏､久保田未夢､真名瀬日和､小田杏樹､松田颯水､高野麻里佳､青山吉能
2025年10月19日,,,
,ウマ娘 プリティーダービー 6th EVENT The New Frontier 秋公演 DAY2@GMOアリーナさいたま(埼玉・さいたま中央区),,
,,M01.Shake The World!!,
,,,高柳知葉､土師亜文､長江里加､高橋花林､香坂さき､杉浦しおり､優木かな､田中あいみ､立花日菜､矢野妃菜喜､日原あゆみ､塚田悠衣､夏吉ゆうこ､奥野香耶､伊藤彩沙､菊池紗矢香､須藤叶希､小島菜々恵､佐藤榛夏､根本優奈､希水しお､佳原萌枝､鈴木日菜､和泉風花､真名瀬日和､松田颯水
,,M02.めにしゅき♡ラッシュっしゅ！,
,,,高柳知葉､土師亜文､長江里加､高橋花林､香坂さき､田中あいみ､立花日菜､塚田悠衣､菊池紗矢香､須藤叶希､根本優奈､希水しお､佳原萌枝､鈴木日菜､和泉風花､真名瀬日和､松田颯水
,,M03.ソシテミンナノ,
,,,立花日菜､矢野妃菜喜､夏吉ゆうこ
,,M04.I Can't Choose to Give Up!,
,,,奥野香耶
,,M05.マリンブルー・マジック♡,
,,,伊藤彩沙
,,M06.Close my eyes,
,,,夏吉ゆうこ､奥野香耶､伊藤彩沙
,,M07.豪快突破☆プリンセス！,
,,,高橋花林
,,M08.魔法がなくちゃはじまらないでしょ？,
,,,杉浦しおり
,,M09.栄養戦士キャロットマン,
,,,影山ヒロノブ､田中あいみ
,,M10.タッカー's スキルアップアイランド,
,,,土師亜文､長江里加､香坂さき､優木かな､日原あゆみ､小林ゆう
,,M11.ゆこまロマン純情派,
,,,杉浦しおり､塚田悠衣､菊池紗矢香､須藤叶希､鈴木日菜､真名瀬日和､松田颯水
,,M12.限界までPom Pon!!,
,,,立花日菜､矢野妃菜喜､夏吉ゆうこ､奥野香耶､伊藤彩沙､小島菜々恵､佐藤榛夏
,,M13.スパートシンドローマー,
,,,高柳知葉
,,M14.Legend-Changer,
,,,高柳知葉､香坂さき､優木かな､日原あゆみ
,,M15.ふたり,
,,,高柳知葉
,,M16.AmpReFire,
,,,土師亜文､長江里加､優木かな､矢野妃菜喜､日原あゆみ
,,M17.Ms. VICTORIA,
,,,田中あいみ､塚田悠衣､菊池紗矢香､須藤叶希､根本優奈､希水しお､鈴木日菜､真名瀬日和､松田颯水
,,M18.Everlasting BEATS,
,,,佐藤榛夏､和泉風花
,,M19.パラ・シエンプレ,
,,,和泉風花
,,M20.本能スピード,
,,,小島菜々恵､希水しお
,,M21.彩 Phantasia,
,,,佐藤榛夏､根本優奈
,,M22.transforming,
,,,小島菜々恵､佐藤榛夏
,,M23.Special Record!,
,,,高橋花林､杉浦しおり､佳原萌枝
,,M24.ギフト,
,,,小島菜々恵､佳原萌枝
,,M25.Precious Star Dreamer,
,,,高柳知葉､土師亜文､長江里加､高橋花林､香坂さき､杉浦しおり､優木かな､田中あいみ､立花日菜､矢野妃菜喜､日原あゆみ､塚田悠衣､夏吉ゆうこ､奥野香耶､伊藤彩沙､菊池紗矢香､須藤叶希､小島菜々恵､佐藤榛夏､根本優奈､希水しお､佳原萌枝､鈴木日菜､和泉風花､真名瀬日和､松田颯水
,,M26.GIRLS' LEGEND U,
,,,高柳知葉､土師亜文､長江里加､高橋花林､香坂さき､杉浦しおり､優木かな､田中あいみ､立花日菜､矢野妃菜喜､日原あゆみ､塚田悠衣､夏吉ゆうこ､奥野香耶､伊藤彩沙､菊池紗矢香､須藤叶希､小島菜々恵､佐藤榛夏､根本優奈､希水しお､佳原萌枝､鈴木日菜､和泉風花､真名瀬日和､松田颯水
,,M27.うまぴょい伝説,
,,,高柳知葉､土師亜文､長江里加､高橋花林､香坂さき､杉浦しおり､優木かな､田中あいみ､立花日菜､矢野妃菜喜､日原あゆみ､塚田悠衣､夏吉ゆうこ､奥野香耶､伊藤彩沙､菊池紗矢香､須藤叶希､小島菜々恵､佐藤榛夏､根本優奈､希水しお､佳原萌枝､鈴木日菜､和泉風花､真名瀬日和､松田颯水
,,M28.うまぴょい伝説 ※Game size,
,,,高柳知葉､土師亜文､長江里加､高橋花林､香坂さき､杉浦しおり､優木かな､田中あいみ､立花日菜､矢野妃菜喜､日原あゆみ､塚田悠衣､夏吉ゆうこ､奥野香耶､伊藤彩沙､菊池紗矢香､須藤叶希､小島菜々恵､佐藤榛夏､根本優奈､希水しお､佳原萌枝､鈴木日菜､和泉風花､真名瀬日和､松田颯水
2025年11月02日,,,
,WINNING LIVE 28 発売記念イベント@品川グランドホール(東京・港区),,
,,M01.タッカー's スキルアップアイランド,
,,,鈴木みのり､大空直美､長江里加､香坂さき､和泉風花
,,M02.仰げば尊Mission!,
,,,鈴木みのり
,,M03.パラ・シエンプレ,
,,,和泉風花
,,M04.うまぴょい伝説,
,,,鈴木みのり､大空直美､長江里加､香坂さき､和泉風花
2025年11月15日,,,
,ANIMAX MUSIX 2025 YOKOHAMA@横浜アリーナ(神奈川・横浜港北区),,
,,M01.めにしゅき♡ラッシュっしゅ！,
,,,高柳知葉､髙橋ミナミ､香坂さき､優木かな､日原あゆみ､松田颯水
,,M02.BRIGHTEST HEART,
,,,高柳知葉
,,M03.Legend-Changer ※Short ver.,
,,,高柳知葉､髙橋ミナミ､香坂さき､優木かな､日原あゆみ､松田颯水
,,M04.うまぴょい伝説,
,,,高柳知葉､髙橋ミナミ､香坂さき､優木かな､日原あゆみ､松田颯水､蒼井翔太
,,M05.ハッピー☆マテリアル,
,,,高柳知葉､髙橋ミナミ､香坂さき､優木かな､日原あゆみ､松田颯水､蒼井翔太､他出演キャスト全員
,WINNING LIVE 29 発売記念イベント@NEW PIER HALL(東京・港区),,
,,M01.めにしゅき♡ラッシュっしゅ！,
,,,高橋花林､杉浦しおり､宮下早紀､小島菜々恵､佳原萌枝､鈴木日菜
,,M02.魔法がなくちゃはじまらないでしょ？,
,,,杉浦しおり
,,M03.豪快突破☆プリンセス！,
,,,高橋花林
,,M04.ギフト,
,,,小島菜々恵､佳原萌枝
,,M05.うまぴょい伝説,
,,,高橋花林､杉浦しおり､宮下早紀､小島菜々恵､佳原萌枝､鈴木日菜
2025年12月31日,,,
,第9回 ももいろ歌合戦@日本武道館(東京・千代田区),,
,,M01.めにしゅき♡ラッシュっしゅ！,
,,,高橋花林､杉浦しおり､佳原萌枝､紫月杏朱彩､中島由貴､久保田未夢､真名瀬日和､小田杏樹
,,M02.うまぴょい伝説,
,,,高橋花林､杉浦しおり､佳原萌枝､紫月杏朱彩､中島由貴､久保田未夢､真名瀬日和､小田杏樹
,,M03.三百六十五歩のマーチ,
,,,高橋花林､杉浦しおり､佳原萌枝､紫月杏朱彩､中島由貴､久保田未夢､真名瀬日和､小田杏樹､他出演キャスト全員
2026年01月31日,,,
,WINNING LIVE 30 発売記念イベント@NEW PIER HALL(東京・港区),,
,,M01.ゆこまロマン純情派,
,,,Machico､井上遥乃､菊池紗矢香､須藤叶希､藤原夏海､真名瀬日和
,,M02.Logue,
,,,真名瀬日和
,,M03.稲荷ノ華,
,,,井上遥乃
,,M04.エース、すなわち,
,,,藤原夏海
,,M05.うまぴょい伝説,
,,,Machico､井上遥乃､菊池紗矢香､須藤叶希､藤原夏海､真名瀬日和
2026年04月25日,,,
,うみかぜアイドル祭り2026@うみかぜ公園(神奈川・横須賀市),,
,,M01.めにしゅき♡ラッシュっしゅ！,
,,,Machico､高柳知葉､髙橋ミナミ､渡部優衣､首藤志奈､遠野ひかる
,,M02.ユメヲカケル！,
,,,Machico､高柳知葉､髙橋ミナミ､渡部優衣､首藤志奈､遠野ひかる
,,M03.Dance 2 Endless Beat,
,,,高柳知葉､渡部優衣､髙橋ミナミ
,,M04.ぴょいっと♪はれるや！,
,,,首藤志奈､遠野ひかる､Machico
,,M05.うまぴょい伝説,
,,,Machico､高柳知葉､髙橋ミナミ､渡部優衣､首藤志奈､遠野ひかる
2026年06月20日,,,
,ウマ娘 プリティーダービー 7th EVENT WORLD TOUR 「THE STAGE」 in TOKYO DAY1@有明アリーナ(東京・江東区),,
,,M01.VOLTAGE,
,,,Machico､高柳知葉､徳井青空､鈴木みのり､大空直美､津田美波､野口瑠璃子､羊宮妃那､亜咲花､春川芽生､和多田美咲､和泉風花､望月ゆみこ､明智璃子､石原夏織､中島由貴､夏目妃菜､久保田未夢､小田杏樹､関根瞳､星希成奏､海弓シュリ､近貞月乃､千賀光莉､嶋野花
,,M02.爆熱マイソウル,
,,,高柳知葉､津田美波､野口瑠璃子､和泉風花､中島由貴､夏目妃菜､小田杏樹､海弓シュリ､千賀光莉
,,M03.BLOW my GALE,
,,,和多田美咲､亜咲花､望月ゆみこ､明智璃子､久保田未夢､関根瞳
,,M04.AmpReFire,
,,,Machico､徳井青空､津田美波､野口瑠璃子､春川芽生
,,M05.winning the soul,
,,,星希成奏､千賀光莉､嶋野花
,,M06.NEXT FRONTIER,
,,,徳井青空､鈴木みのり､大空直美､春川芽生､和泉風花､明智璃子､石原夏織
,,M07.UMA IN AMERICA,
,,,亜咲花､久保田未夢､関根瞳､海弓シュリ､近貞月乃､愛美
,,M08.【おやすみ配信】みんなとラヴ補充した～い,
,,,久保田未夢
,,M09.ちょっとだけの勇気。,
,,,近貞月乃
,,M10.仰げば尊Mission!,
,,,鈴木みのり
,,M11.走れウマ娘,
,,,Machico､徳井青空､野口瑠璃子､望月ゆみこ､明智璃子
,,M12.We are DREAMERS!!,
,,,鈴木みのり､亜咲花､海弓シュリ､近貞月乃､嶋野花､愛美
,,M13.O - ロライズ,
,,,Machico､津田美波､和多田美咲､望月ゆみこ
,,M14.Go This Way,
,,,羊宮妃那､春川芽生､千賀光莉
,,M15.ふたり,
,,,高柳知葉､大空直美
,,M16.ハロー・ポラリス,
,,,高柳知葉､大空直美
,,M17.Glorious Moment！,
,,,徳井青空､和多田美咲
,,M18.Ms. VICTORIA,
,,,和泉風花､関根瞳
,,M19.STARTING FORCE,
,,,羊宮妃那､石原夏織､中島由貴､夏目妃菜､小田杏樹､星希成奏
,,M20.Mile×Rule Star,
,,,夏目妃菜
,,M21.黎明に咲く華,
,,,石原夏織､中島由貴
,,M22.Special Record!,
,,,羊宮妃那､石原夏織､小田杏樹､星希成奏
,,M23.Glory Eyes,
,,,羊宮妃那､石原夏織､小田杏樹､星希成奏
,,M24.U.M.A. NEW WORLD!!,
,,,Machico､高柳知葉､徳井青空､鈴木みのり､大空直美､津田美波､和多田美咲､野口瑠璃子､羊宮妃那､亜咲花､春川芽生､和泉風花､望月ゆみこ､明智璃子､石原夏織､中島由貴､夏目妃菜､久保田未夢､小田杏樹､関根瞳､星希成奏､海弓シュリ､近貞月乃､千賀光莉､嶋野花
,,M25.You! Aim! A!!,
,,,Machico､高柳知葉､徳井青空､鈴木みのり､大空直美､津田美波､和多田美咲､野口瑠璃子､羊宮妃那､亜咲花､春川芽生､和泉風花､望月ゆみこ､明智璃子､石原夏織､中島由貴､夏目妃菜､久保田未夢､小田杏樹､関根瞳､星希成奏､海弓シュリ､近貞月乃､千賀光莉､嶋野花
,,M26.うまぴょい伝説,
,,,Machico､高柳知葉､徳井青空､鈴木みのり､大空直美､津田美波､和多田美咲､野口瑠璃子､羊宮妃那､亜咲花､春川芽生､和泉風花､望月ゆみこ､明智璃子､石原夏織､中島由貴､夏目妃菜､久保田未夢､小田杏樹､関根瞳､星希成奏､海弓シュリ､近貞月乃､千賀光莉､嶋野花､愛美
2026年06月21日,,,
,ウマ娘 プリティーダービー 7th EVENT WORLD TOUR 「THE STAGE」 in TOKYO DAY2@有明アリーナ(東京・江東区),,
,,M01.UMA IN AMERICA,
,,,上田瞳､橋本ちなみ､藤野彩水､鈴木絵理､下地紫野､和多田美咲､矢野妃菜喜､中村カンナ､藤本侑里､秋奈､和泉風花､鈴木日菜､吉岡茉祐､望月ゆみこ､日比優理香､石原夏織､松田颯水､関根瞳､海弓シュリ､近貞月乃､千賀光莉､髙橋美空､嶋野花､菊池ゆりな､海野水玉。
,,M02.トレセン音頭,
,,,上田瞳､下地紫野､和多田美咲､矢野妃菜喜､中村カンナ､吉岡茉祐､望月ゆみこ､髙橋美空
,,M03.めにしゅき♡ラッシュっしゅ！,
,,,橋本ちなみ､和泉風花､芹澤優､鈴木日菜､石原夏織､関根瞳
,,M04.恋する世界,
,,,橋本ちなみ
,,M05.ゆーてネタだかんね♡,
,,,鈴木絵理
,,M06.UMA Summer,
,,,藤本侑里､秋奈､望月ゆみこ､関根瞳
,,M07.トレセンラーメン列伝,
,,,橋本ちなみ､和多田美咲､矢野妃菜喜､中村カンナ､和泉風花､鈴木日菜､望月ゆみこ
,,M08.Gold-Triumph,
,,,上田瞳､下地紫野､吉岡茉祐､日比優理香､松田颯水､近貞月乃
,,M09.BoC-izm,
,,,上田瞳､下地紫野､日比優理香､近貞月乃
,,M10.Gold-Recollection,
,,,松田颯水
,,M11.Legend-Changer,
,,,石原夏織､海弓シュリ
,,M12.winning the soul,
,,,藤野彩水､嶋野花､菊池ゆりな､海野水玉
,,M13.最強ROARING,
,,,藤本侑里
,,M14.Beyond the Finale,
,,,和多田美咲､中村カンナ､藤本侑里､松田颯水
,,M15.ENDLESS DREAM!!,
,,,芹澤優､石原夏織､松田颯水
,,M16.Never Looking Back,
,,,矢野妃菜喜､秋奈
,,M17.Everlasting BEATS,
,,,秋奈､鈴木日菜､華成結
,,M18.VOLTAGE,
,,,海弓シュリ､近貞月乃､千賀光莉､髙橋美空､嶋野花､菊池ゆりな､海野水玉
,,M19.AmpReFire,
,,,千賀光莉､髙橋美空
,,M20.Special Record!,
,,,鈴木絵理､芹澤優､日比優理香､千賀光莉
,,M21.NEXT FRONTIER,
,,,藤野彩水､鈴木絵理､和泉風花､吉岡茉祐､関根瞳､嶋野花､菊池ゆりな､海野水玉
,,M22.希望よ永遠に,
,,,嶋野花
,,M23.UNLIMITED IMPACT,
,,,海弓シュリ
,,M24.U.M.A. NEW WORLD!!,
,,,上田瞳､橋本ちなみ､藤野彩水､鈴木絵理､下地紫野､和多田美咲､矢野妃菜喜､中村カンナ､藤本侑里､秋奈､和泉風花､鈴木日菜､吉岡茉祐､望月ゆみこ､日比優理香､石原夏織､松田颯水､関根瞳､海弓シュリ､近貞月乃､千賀光莉､髙橋美空､嶋野花､菊池ゆりな､海野水玉
,,M25.You! Aim! A!!,
,,,上田瞳､橋本ちなみ､藤野彩水､鈴木絵理､下地紫野､和多田美咲､矢野妃菜喜､中村カンナ､藤本侑里､秋奈､和泉風花､芹澤優､鈴木日菜､吉岡茉祐､望月ゆみこ､日比優理香､石原夏織､松田颯水､関根瞳､海弓シュリ､近貞月乃､千賀光莉､髙橋美空､嶋野花､菊池ゆりな､海野水玉
,,M26.うまぴょい伝説,
,,,上田瞳､橋本ちなみ､藤野彩水､鈴木絵理､下地紫野､和多田美咲､矢野妃菜喜､中村カンナ､藤本侑里､秋奈､和泉風花､芹澤優､鈴木日菜､吉岡茉祐､望月ゆみこ､日比優理香､石原夏織､松田颯水､関根瞳､海弓シュリ､近貞月乃､千賀光莉､髙橋美空､嶋野花､菊池ゆりな､海野水玉､華成結
2026年07月12日,,,
,Animelo Summer Live 2026 -Messenger- DAY3@幕張メッセ国際展示場(千葉・美浜区),,
,,M01.UMA IN AMERICA,
,,,亜咲花､石原夏織､久保田未夢､関根瞳､星希成奏､海弓シュリ
,,M02.UMA Summer,
,,,亜咲花､石原夏織､久保田未夢､関根瞳､星希成奏､海弓シュリ
,,M03.Ready!!! Steady!!! Derby!!!,
,,,亜咲花､石原夏織､久保田未夢､関根瞳､星希成奏､海弓シュリ､オーイシマサヨシ
,,M04.うまぴょい伝説,
,,,亜咲花､石原夏織､久保田未夢､関根瞳､星希成奏､海弓シュリ
,,M05.ONENESS,
,,,亜咲花､石原夏織､久保田未夢､関根瞳､星希成奏､海弓シュリ